Tx_ID,Trade_ID,Type,Date,Ticker,Level,Direction,Entry_Price,Exit_Price,Position_Size,Net_PnL,Return_Pct,Account_Balance,Outcome,Chart_PNG_URI
1,0,DEPOSIT,2026-05-01,N/A,N/A,N/A,0.0,0.0,0.0,0.0,0.0,1000.0,DEPOSIT,N/A
2,1,INTRADAY TRADE,2026-06-16 13:00,ADANIENT.NS,prev_day_high,LONG,2948.0,2935.5,2500.0,-13.325000000000001,-0.533,986.675,LOSS,file:///C:/DATA/CODE/Stocks/BackTest/Plots/intraday_trades/Intraday_Trade_0001_ADANIENT.NS_LOSS.png
3,2,INTRADAY TRADE,2026-06-16 13:00,ADANIENT.NS,pivot_resistance,LONG,2948.0,2935.5,2466.6875,-13.147444375000001,-0.533,973.527555625,LOSS,file:///C:/DATA/CODE/Stocks/BackTest/Plots/intraday_trades/Intraday_Trade_0002_ADANIENT.NS_LOSS.png
4,3,INTRADAY TRADE,2026-06-18 10:30,APOLLOHOSP.NS,pivot_resistance,LONG,8434.0,8403.0,2433.8188890625,-11.609316100828126,-0.477,961.9182395241719,LOSS,file:///C:/DATA/CODE/Stocks/BackTest/Plots/intraday_trades/Intraday_Trade_0003_APOLLOHOSP.NS_LOSS.png
5,4,INTRADAY TRADE,2026-06-29 10:00,AUROPHARMA.NS,prev_day_high,SHORT,1578.6,1547.5,2404.7955988104295,44.7772940498502,1.862,1006.6955335740221,PROFIT,file:///C:/DATA/CODE/Stocks/BackTest/Plots/intraday_trades/Intraday_Trade_0004_AUROPHARMA.NS_PROFIT.png
6,5,INTRADAY TRADE,2026-06-22 09:45,BAJFINANCE.NS,pivot_resistance,SHORT,967.65,969.8,2500.0,-8.3,-0.332,998.3955335740221,LOSS,file:///C:/DATA/CODE/Stocks/BackTest/Plots/intraday_trades/Intraday_Trade_0005_BAJFINANCE.NS_LOSS.png
7,6,INTRADAY TRADE,2026-06-22 12:30,BAJFINANCE.NS,pivot_resistance,LONG,965.65,968.3,2495.9888339350555,4.118381575992841,0.165,1002.513915150015,PROFIT,file:///C:/DATA/CODE/Stocks/BackTest/Plots/intraday_trades/Intraday_Trade_0006_BAJFINANCE.NS_PROFIT.png
8,7,INTRADAY TRADE,2026-06-18 12:00,BALKRISIND.NS,pivot_support,LONG,2223.5,2233.0,2500.0,7.925,0.317,1010.438915150015,PROFIT,file:///C:/DATA/CODE/Stocks/BackTest/Plots/intraday_trades/Intraday_Trade_0007_BALKRISIND.NS_PROFIT.png
9,8,INTRADAY TRADE,2026-06-30 12:00,BANDHANBNK.NS,pivot_resistance,SHORT,203.32,205.1,2500.0,-24.650000000000002,-0.986,985.788915150015,LOSS,file:///C:/DATA/CODE/Stocks/BackTest/Plots/intraday_trades/Intraday_Trade_0008_BANDHANBNK.NS_LOSS.png
10,9,INTRADAY TRADE,2026-06-19 10:00,BEL.NS,pivot_support,LONG,426.4,426.9,2464.4722878750376,0.19715778303000303,0.008,985.986072933045,PROFIT,file:///C:/DATA/CODE/Stocks/BackTest/Plots/intraday_trades/Intraday_Trade_0009_BEL.NS_PROFIT.png
11,10,INTRADAY TRADE,2026-06-22 15:15,BEL.NS,pivot_resistance+prev_day_high,SHORT,431.2,431.1,2464.9651823326126,-2.1198700568060467,-0.086,983.866202876239,LOSS,file:///C:/DATA/CODE/Stocks/BackTest/Plots/intraday_trades/Intraday_Trade_0010_BEL.NS_LOSS.png
12,11,INTRADAY TRADE,2026-06-22 10:00,BEL.NS,pivot_resistance,LONG,428.1,431.1,2459.6655071905975,14.53662314749643,0.591,998.4028260237354,PROFIT,file:///C:/DATA/CODE/Stocks/BackTest/Plots/intraday_trades/Intraday_Trade_0011_BEL.NS_PROFIT.png
13,12,INTRADAY TRADE,2026-06-23 09:45,BEL.NS,pivot_resistance+prev_day_high,LONG,431.65,429.8,2496.0070650593384,-13.428518010019241,-0.538,984.9743080137162,LOSS,file:///C:/DATA/CODE/Stocks/BackTest/Plots/intraday_trades/Intraday_Trade_0012_BEL.NS_LOSS.png
14,13,INTRADAY TRADE,2026-07-06 10:00,BEL.NS,pivot_resistance+prev_day_high,SHORT,426.1,425.2,2462.4357700342903,2.5116844854349756,0.102,987.4859924991512,PROFIT,file:///C:/DATA/CODE/Stocks/BackTest/Plots/intraday_trades/Intraday_Trade_0013_BEL.NS_PROFIT.png
15,14,INTRADAY TRADE,2026-07-06 10:00,BEL.NS,pivot_resistance,SHORT,426.1,425.2,2468.714981247878,2.518089280872835,0.102,990.004081780024,PROFIT,file:///C:/DATA/CODE/Stocks/BackTest/Plots/intraday_trades/Intraday_Trade_0014_BEL.NS_PROFIT.png
16,15,INTRADAY TRADE,2026-06-29 10:15,BEML.NS,pivot_resistance,SHORT,1766.2,1709.2,2475.01020445006,77.22031837884188,3.12,1067.2244001588658,PROFIT,file:///C:/DATA/CODE/Stocks/BackTest/Plots/intraday_trades/Intraday_Trade_0015_BEML.NS_PROFIT.png
17,16,INTRADAY TRADE,2026-06-19 12:30,BHARATFORG.NS,pivot_resistance,LONG,2029.2,2036.0,2500.0,5.625000000000001,0.225,1072.8494001588658,PROFIT,file:///C:/DATA/CODE/Stocks/BackTest/Plots/intraday_trades/Intraday_Trade_0016_BHARATFORG.NS_PROFIT.png
18,17,INTRADAY TRADE,2026-06-30 09:45,BHARATFORG.NS,pivot_support+prev_day_low,LONG,2086.5,2150.0,2500.0,73.3,2.932,1146.1494001588658,PROFIT,file:///C:/DATA/CODE/Stocks/BackTest/Plots/intraday_trades/Intraday_Trade_0017_BHARATFORG.NS_PROFIT.png
19,18,INTRADAY TRADE,2026-06-30 09:45,BHARATFORG.NS,pivot_support,LONG,2086.5,2150.0,2500.0,73.3,2.932,1219.4494001588657,PROFIT,file:///C:/DATA/CODE/Stocks/BackTest/Plots/intraday_trades/Intraday_Trade_0018_BHARATFORG.NS_PROFIT.png
20,19,INTRADAY TRADE,2026-07-01 13:15,BHARTIARTL.NS,pivot_resistance+prev_day_high,SHORT,1877.4,1869.3,2500.0,8.05,0.322,1227.4994001588657,PROFIT,file:///C:/DATA/CODE/Stocks/BackTest/Plots/intraday_trades/Intraday_Trade_0019_BHARTIARTL.NS_PROFIT.png
21,20,INTRADAY TRADE,2026-07-01 14:00,BHARTIARTL.NS,pivot_resistance,LONG,1876.4,1867.7,2500.0,-14.325,-0.573,1213.1744001588656,LOSS,file:///C:/DATA/CODE/Stocks/BackTest/Plots/intraday_trades/Intraday_Trade_0020_BHARTIARTL.NS_LOSS.png
22,21,INTRADAY TRADE,2026-06-30 10:15,BHEL.NS,prev_day_high,SHORT,416.7,419.75,2500.0,-21.05,-0.842,1192.1244001588657,LOSS,file:///C:/DATA/CODE/Stocks/BackTest/Plots/intraday_trades/Intraday_Trade_0021_BHEL.NS_LOSS.png
23,22,INTRADAY TRADE,2026-06-16 09:45,BPCL.NS,pivot_resistance,LONG,312.05,310.8,2500.0,-12.750000000000002,-0.51,1179.3744001588657,LOSS,file:///C:/DATA/CODE/Stocks/BackTest/Plots/intraday_trades/Intraday_Trade_0022_BPCL.NS_LOSS.png
24,23,INTRADAY TRADE,2026-07-01 11:00,BPCL.NS,pivot_resistance+prev_day_high,LONG,302.35,303.8,2500.0,9.25,0.37,1188.6244001588657,PROFIT,file:///C:/DATA/CODE/Stocks/BackTest/Plots/intraday_trades/Intraday_Trade_0023_BPCL.NS_PROFIT.png
25,24,INTRADAY TRADE,2026-07-02 11:00,COALINDIA.NS,pivot_support+prev_day_low,LONG,434.45,439.0,2500.0,23.425,0.937,1212.0494001588656,PROFIT,file:///C:/DATA/CODE/Stocks/BackTest/Plots/intraday_trades/Intraday_Trade_0024_COALINDIA.NS_PROFIT.png
26,25,INTRADAY TRADE,2026-06-19 10:00,DIVISLAB.NS,prev_day_high,LONG,6762.5,6730.5,2500.0,-14.549999999999999,-0.582,1197.4994001588657,LOSS,file:///C:/DATA/CODE/Stocks/BackTest/Plots/intraday_trades/Intraday_Trade_0025_DIVISLAB.NS_LOSS.png
27,26,INTRADAY TRADE,2026-07-01 09:45,DIXON.NS,pivot_support,LONG,11838.0,11977.0,2500.0,26.6,1.064,1224.0994001588656,PROFIT,file:///C:/DATA/CODE/Stocks/BackTest/Plots/intraday_trades/Intraday_Trade_0026_DIXON.NS_PROFIT.png
28,27,INTRADAY TRADE,2026-06-30 10:00,DRREDDY.NS,prev_day_low,LONG,1355.0,1357.1,2500.0,1.125,0.045,1225.2244001588656,PROFIT,file:///C:/DATA/CODE/Stocks/BackTest/Plots/intraday_trades/Intraday_Trade_0027_DRREDDY.NS_PROFIT.png
29,28,INTRADAY TRADE,2026-06-30 10:00,DRREDDY.NS,pivot_support,LONG,1355.0,1357.1,2500.0,1.125,0.045,1226.3494001588656,PROFIT,file:///C:/DATA/CODE/Stocks/BackTest/Plots/intraday_trades/Intraday_Trade_0028_DRREDDY.NS_PROFIT.png
30,29,INTRADAY TRADE,2026-06-24 11:15,EICHERMOT.NS,prev_day_low,SHORT,7558.0,7591.5,2500.0,-13.825000000000001,-0.553,1212.5244001588655,LOSS,file:///C:/DATA/CODE/Stocks/BackTest/Plots/intraday_trades/Intraday_Trade_0029_EICHERMOT.NS_LOSS.png
31,30,INTRADAY TRADE,2026-06-24 09:45,EICHERMOT.NS,pivot_support,SHORT,7533.0,7587.0,2500.0,-20.674999999999997,-0.827,1191.8494001588656,LOSS,file:///C:/DATA/CODE/Stocks/BackTest/Plots/intraday_trades/Intraday_Trade_0030_EICHERMOT.NS_LOSS.png
32,31,INTRADAY TRADE,2026-06-24 11:15,EICHERMOT.NS,pivot_support,SHORT,7558.0,7591.5,2500.0,-13.825000000000001,-0.553,1178.0244001588655,LOSS,file:///C:/DATA/CODE/Stocks/BackTest/Plots/intraday_trades/Intraday_Trade_0031_EICHERMOT.NS_LOSS.png
33,32,INTRADAY TRADE,2026-06-24 11:15,EICHERMOT.NS,pivot_support,SHORT,7558.0,7591.5,2500.0,-13.825000000000001,-0.553,1164.1994001588655,LOSS,file:///C:/DATA/CODE/Stocks/BackTest/Plots/intraday_trades/Intraday_Trade_0032_EICHERMOT.NS_LOSS.png
34,33,INTRADAY TRADE,2026-06-25 14:30,GAIL.NS,pivot_support,LONG,174.16,173.28,2500.0,-15.375,-0.615,1148.8244001588655,LOSS,file:///C:/DATA/CODE/Stocks/BackTest/Plots/intraday_trades/Intraday_Trade_0033_GAIL.NS_LOSS.png
35,34,INTRADAY TRADE,2026-06-25 14:30,GAIL.NS,pivot_support,LONG,174.16,173.28,2500.0,-15.375,-0.615,1133.4494001588655,LOSS,file:///C:/DATA/CODE/Stocks/BackTest/Plots/intraday_trades/Intraday_Trade_0034_GAIL.NS_LOSS.png
36,35,INTRADAY TRADE,2026-06-19 11:00,HCLTECH.NS,pivot_support,SHORT,1112.0,1118.0,2500.0,-16.25,-0.65,1117.1994001588655,LOSS,file:///C:/DATA/CODE/Stocks/BackTest/Plots/intraday_trades/Intraday_Trade_0035_HCLTECH.NS_LOSS.png
37,36,INTRADAY TRADE,2026-06-19 11:45,HCLTECH.NS,pivot_support,SHORT,1115.0,1120.8,2500.0,-15.75,-0.63,1101.4494001588655,LOSS,file:///C:/DATA/CODE/Stocks/BackTest/Plots/intraday_trades/Intraday_Trade_0036_HCLTECH.NS_LOSS.png
38,37,INTRADAY TRADE,2026-06-30 10:00,HDFCBANK.NS,pivot_resistance+prev_day_high,LONG,795.65,800.45,2500.0,12.325000000000001,0.493,1113.7744001588655,PROFIT,file:///C:/DATA/CODE/Stocks/BackTest/Plots/intraday_trades/Intraday_Trade_0037_HDFCBANK.NS_PROFIT.png
39,38,INTRADAY TRADE,2026-06-30 10:00,HDFCBANK.NS,pivot_support,LONG,795.65,800.45,2500.0,12.325000000000001,0.493,1126.0994001588656,PROFIT,file:///C:/DATA/CODE/Stocks/BackTest/Plots/intraday_trades/Intraday_Trade_0038_HDFCBANK.NS_PROFIT.png
40,39,INTRADAY TRADE,2026-07-02 13:00,HEXT.NS,pivot_resistance+prev_day_high,SHORT,556.0,555.6,2500.0,-0.95,-0.038,1125.1494001588655,LOSS,file:///C:/DATA/CODE/Stocks/BackTest/Plots/intraday_trades/Intraday_Trade_0039_HEXT.NS_LOSS.png
41,40,INTRADAY TRADE,2026-07-01 10:30,HINDUNILVR.NS,prev_day_high,SHORT,2162.9,2179.6,2500.0,-22.05,-0.882,1103.0994001588656,LOSS,file:///C:/DATA/CODE/Stocks/BackTest/Plots/intraday_trades/Intraday_Trade_0040_HINDUNILVR.NS_LOSS.png
42,41,INTRADAY TRADE,2026-07-01 10:30,HINDUNILVR.NS,pivot_resistance,SHORT,2162.9,2179.6,2500.0,-22.05,-0.882,1081.0494001588656,LOSS,file:///C:/DATA/CODE/Stocks/BackTest/Plots/intraday_trades/Intraday_Trade_0041_HINDUNILVR.NS_LOSS.png
43,42,INTRADAY TRADE,2026-06-24 15:15,HONASA.NS,pivot_support+prev_day_low,SHORT,414.35,414.95,2500.0,-6.3500000000000005,-0.254,1074.6994001588657,LOSS,file:///C:/DATA/CODE/Stocks/BackTest/Plots/intraday_trades/Intraday_Trade_0042_HONASA.NS_LOSS.png
44,43,INTRADAY TRADE,2026-06-24 12:15,HONASA.NS,pivot_support,LONG,403.9,414.95,2500.0,65.6,2.624,1140.2994001588656,PROFIT,file:///C:/DATA/CODE/Stocks/BackTest/Plots/intraday_trades/Intraday_Trade_0043_HONASA.NS_PROFIT.png
45,44,INTRADAY TRADE,2026-06-24 12:15,HONASA.NS,pivot_support,LONG,403.9,414.95,2500.0,65.6,2.624,1205.8994001588655,PROFIT,file:///C:/DATA/CODE/Stocks/BackTest/Plots/intraday_trades/Intraday_Trade_0044_HONASA.NS_PROFIT.png
46,45,INTRADAY TRADE,2026-06-24 15:15,HONASA.NS,pivot_support,SHORT,414.35,414.95,2500.0,-6.3500000000000005,-0.254,1199.5494001588656,LOSS,file:///C:/DATA/CODE/Stocks/BackTest/Plots/intraday_trades/Intraday_Trade_0045_HONASA.NS_LOSS.png
47,46,INTRADAY TRADE,2026-06-30 12:00,ICICIBANK.NS,pivot_support+prev_day_low,SHORT,1378.2,1375.2,2500.0,2.7,0.108,1202.2494001588657,PROFIT,file:///C:/DATA/CODE/Stocks/BackTest/Plots/intraday_trades/Intraday_Trade_0046_ICICIBANK.NS_PROFIT.png
48,47,INTRADAY TRADE,2026-06-30 12:00,ICICIBANK.NS,pivot_support,SHORT,1378.2,1375.2,2500.0,2.7,0.108,1204.9494001588657,PROFIT,file:///C:/DATA/CODE/Stocks/BackTest/Plots/intraday_trades/Intraday_Trade_0047_ICICIBANK.NS_PROFIT.png
49,48,INTRADAY TRADE,2026-06-24 12:30,IDEA.NS,prev_day_low,SHORT,14.46,14.31,2500.0,23.2,0.928,1228.1494001588658,PROFIT,file:///C:/DATA/CODE/Stocks/BackTest/Plots/intraday_trades/Intraday_Trade_0048_IDEA.NS_PROFIT.png
50,49,INTRADAY TRADE,2026-06-17 09:45,INFY.NS,pivot_resistance+prev_day_high,SHORT,1156.7,1156.4,2500.0,-2.1,-0.084,1226.0494001588659,LOSS,file:///C:/DATA/CODE/Stocks/BackTest/Plots/intraday_trades/Intraday_Trade_0049_INFY.NS_LOSS.png
51,50,INTRADAY TRADE,2026-06-24 14:30,INFY.NS,prev_day_high,SHORT,1060.8,1056.0,2500.0,8.575000000000001,0.343,1234.624400158866,PROFIT,file:///C:/DATA/CODE/Stocks/BackTest/Plots/intraday_trades/Intraday_Trade_0050_INFY.NS_PROFIT.png
52,51,INTRADAY TRADE,2026-07-01 10:30,ITC.NS,pivot_resistance,SHORT,289.25,290.0,2500.0,-9.225,-0.369,1225.399400158866,LOSS,file:///C:/DATA/CODE/Stocks/BackTest/Plots/intraday_trades/Intraday_Trade_0051_ITC.NS_LOSS.png
53,52,INTRADAY TRADE,2026-06-15 09:45,JSWENERGY.NS,pivot_resistance,LONG,568.25,564.25,2500.0,-20.325,-0.813,1205.074400158866,LOSS,file:///C:/DATA/CODE/Stocks/BackTest/Plots/intraday_trades/Intraday_Trade_0052_JSWENERGY.NS_LOSS.png
54,53,INTRADAY TRADE,2026-06-30 10:45,JSWENERGY.NS,pivot_support,LONG,577.9,581.55,2500.0,13.049999999999999,0.522,1218.124400158866,PROFIT,file:///C:/DATA/CODE/Stocks/BackTest/Plots/intraday_trades/Intraday_Trade_0053_JSWENERGY.NS_PROFIT.png
55,54,INTRADAY TRADE,2026-06-29 15:00,KOTAKBANK.NS,pivot_support,SHORT,396.5,397.0,2500.0,-5.8999999999999995,-0.236,1212.2244001588658,LOSS,file:///C:/DATA/CODE/Stocks/BackTest/Plots/intraday_trades/Intraday_Trade_0054_KOTAKBANK.NS_LOSS.png
56,55,INTRADAY TRADE,2026-06-29 11:45,KOTAKBANK.NS,pivot_support,LONG,399.45,397.45,2500.0,-15.249999999999998,-0.61,1196.9744001588658,LOSS,file:///C:/DATA/CODE/Stocks/BackTest/Plots/intraday_trades/Intraday_Trade_0055_KOTAKBANK.NS_LOSS.png
57,56,INTRADAY TRADE,2026-06-29 11:45,KOTAKBANK.NS,pivot_support,LONG,399.45,397.45,2500.0,-15.249999999999998,-0.61,1181.7244001588658,LOSS,file:///C:/DATA/CODE/Stocks/BackTest/Plots/intraday_trades/Intraday_Trade_0056_KOTAKBANK.NS_LOSS.png
58,57,INTRADAY TRADE,2026-06-29 11:45,KOTAKBANK.NS,pivot_support,LONG,399.45,397.45,2500.0,-15.249999999999998,-0.61,1166.4744001588658,LOSS,file:///C:/DATA/CODE/Stocks/BackTest/Plots/intraday_trades/Intraday_Trade_0057_KOTAKBANK.NS_LOSS.png
59,58,INTRADAY TRADE,2026-07-01 12:15,KOTAKBANK.NS,prev_day_high,SHORT,396.55,397.8,2500.0,-10.625,-0.425,1155.8494001588658,LOSS,file:///C:/DATA/CODE/Stocks/BackTest/Plots/intraday_trades/Intraday_Trade_0058_KOTAKBANK.NS_LOSS.png
60,59,INTRADAY TRADE,2026-07-01 14:30,KOTAKBANK.NS,pivot_resistance,SHORT,399.1,400.95,2500.0,-14.325,-0.573,1141.5244001588658,LOSS,file:///C:/DATA/CODE/Stocks/BackTest/Plots/intraday_trades/Intraday_Trade_0059_KOTAKBANK.NS_LOSS.png
61,60,INTRADAY TRADE,2026-07-01 14:00,KOTAKBANK.NS,pivot_resistance,SHORT,398.65,400.45,2500.0,-14.025,-0.561,1127.4994001588657,LOSS,file:///C:/DATA/CODE/Stocks/BackTest/Plots/intraday_trades/Intraday_Trade_0060_KOTAKBANK.NS_LOSS.png
62,61,INTRADAY TRADE,2026-06-15 11:45,KTKBANK.NS,pivot_resistance,LONG,275.55,273.55,2500.0,-20.875,-0.835,1106.6244001588657,LOSS,file:///C:/DATA/CODE/Stocks/BackTest/Plots/intraday_trades/Intraday_Trade_0061_KTKBANK.NS_LOSS.png
63,62,INTRADAY TRADE,2026-06-15 11:45,KTKBANK.NS,pivot_resistance,LONG,275.55,273.55,2500.0,-20.875,-0.835,1085.7494001588657,LOSS,file:///C:/DATA/CODE/Stocks/BackTest/Plots/intraday_trades/Intraday_Trade_0062_KTKBANK.NS_LOSS.png
64,63,INTRADAY TRADE,2026-06-18 10:30,LUPIN.NS,pivot_resistance+prev_day_high,LONG,2286.9,2330.0,2500.0,44.349999999999994,1.774,1130.0994001588656,PROFIT,file:///C:/DATA/CODE/Stocks/BackTest/Plots/intraday_trades/Intraday_Trade_0063_LUPIN.NS_PROFIT.png
65,64,INTRADAY TRADE,2026-06-18 09:45,LUPIN.NS,pivot_resistance,SHORT,2283.0,2298.9,2500.0,-20.150000000000002,-0.806,1109.9494001588655,LOSS,file:///C:/DATA/CODE/Stocks/BackTest/Plots/intraday_trades/Intraday_Trade_0064_LUPIN.NS_LOSS.png
66,65,INTRADAY TRADE,2026-06-18 09:45,LUPIN.NS,pivot_resistance,SHORT,2283.0,2298.9,2500.0,-20.150000000000002,-0.806,1089.7994001588654,LOSS,file:///C:/DATA/CODE/Stocks/BackTest/Plots/intraday_trades/Intraday_Trade_0065_LUPIN.NS_LOSS.png
67,66,INTRADAY TRADE,2026-06-29 11:00,LUPIN.NS,pivot_resistance+prev_day_high,SHORT,2394.0,2414.2,2500.0,-23.85,-0.954,1065.9494001588655,LOSS,file:///C:/DATA/CODE/Stocks/BackTest/Plots/intraday_trades/Intraday_Trade_0066_LUPIN.NS_LOSS.png
68,67,INTRADAY TRADE,2026-06-29 11:00,LUPIN.NS,pivot_resistance,SHORT,2394.0,2414.2,2500.0,-23.85,-0.954,1042.0994001588656,LOSS,file:///C:/DATA/CODE/Stocks/BackTest/Plots/intraday_trades/Intraday_Trade_0067_LUPIN.NS_LOSS.png
69,68,INTRADAY TRADE,2026-06-29 11:00,LUPIN.NS,pivot_resistance,SHORT,2394.0,2414.2,2500.0,-23.85,-0.954,1018.2494001588656,LOSS,file:///C:/DATA/CODE/Stocks/BackTest/Plots/intraday_trades/Intraday_Trade_0068_LUPIN.NS_LOSS.png
70,69,INTRADAY TRADE,2026-06-29 11:00,LUPIN.NS,pivot_resistance,SHORT,2394.0,2414.2,2500.0,-23.85,-0.954,994.3994001588655,LOSS,file:///C:/DATA/CODE/Stocks/BackTest/Plots/intraday_trades/Intraday_Trade_0069_LUPIN.NS_LOSS.png
71,70,INTRADAY TRADE,2026-06-30 12:30,LUPIN.NS,prev_day_high,SHORT,2412.1,2428.2,2485.9985003971638,-19.31620834808596,-0.777,975.0831918107796,LOSS,file:///C:/DATA/CODE/Stocks/BackTest/Plots/intraday_trades/Intraday_Trade_0070_LUPIN.NS_LOSS.png
72,71,INTRADAY TRADE,2026-06-18 11:15,MAXHEALTH.NS,pivot_resistance,SHORT,1079.0,1088.0,2437.7079795269487,-23.011963326734392,-0.944,952.0712284840452,LOSS,file:///C:/DATA/CODE/Stocks/BackTest/Plots/intraday_trades/Intraday_Trade_0071_MAXHEALTH.NS_LOSS.png
73,72,INTRADAY TRADE,2026-07-06 11:15,NYKAA.NS,pivot_resistance+prev_day_high,LONG,313.45,311.65,2380.1780712101126,-16.256616226365068,-0.683,935.8146122576801,LOSS,file:///C:/DATA/CODE/Stocks/BackTest/Plots/intraday_trades/Intraday_Trade_0072_NYKAA.NS_LOSS.png
74,73,INTRADAY TRADE,2026-07-06 11:15,NYKAA.NS,pivot_resistance,LONG,313.45,311.65,2339.5365306442004,-15.97903450429989,-0.683,919.8355777533802,LOSS,file:///C:/DATA/CODE/Stocks/BackTest/Plots/intraday_trades/Intraday_Trade_0073_NYKAA.NS_LOSS.png
75,74,INTRADAY TRADE,2026-07-06 12:45,NYKAA.NS,pivot_resistance,LONG,312.7,311.05,2299.5889443834503,-14.648381575722578,-0.637,905.1871961776576,LOSS,file:///C:/DATA/CODE/Stocks/BackTest/Plots/intraday_trades/Intraday_Trade_0074_NYKAA.NS_LOSS.png
76,75,INTRADAY TRADE,2026-06-19 10:45,RELIANCE.NS,prev_day_high,LONG,1330.8,1322.1,2262.967990444144,-17.266445767088822,-0.763,887.9207504105688,LOSS,file:///C:/DATA/CODE/Stocks/BackTest/Plots/intraday_trades/Intraday_Trade_0075_RELIANCE.NS_LOSS.png
77,76,INTRADAY TRADE,2026-06-19 10:45,RELIANCE.NS,pivot_resistance,LONG,1330.8,1322.1,2219.8018760264217,-16.9370883140816,-0.763,870.9836620964871,LOSS,file:///C:/DATA/CODE/Stocks/BackTest/Plots/intraday_trades/Intraday_Trade_0076_RELIANCE.NS_LOSS.png
78,77,INTRADAY TRADE,2026-06-19 10:45,RELIANCE.NS,pivot_resistance,LONG,1330.8,1322.1,2177.459155241218,-16.614013354490496,-0.763,854.3696487419967,LOSS,file:///C:/DATA/CODE/Stocks/BackTest/Plots/intraday_trades/Intraday_Trade_0077_RELIANCE.NS_LOSS.png
79,78,INTRADAY TRADE,2026-06-22 09:45,RELIANCE.NS,pivot_resistance+prev_day_high,SHORT,1336.0,1343.0,2135.924121854992,-13.541758932560649,-0.634,840.827889809436,LOSS,file:///C:/DATA/CODE/Stocks/BackTest/Plots/intraday_trades/Intraday_Trade_0078_RELIANCE.NS_LOSS.png
80,79,INTRADAY TRADE,2026-06-22 09:45,RELIANCE.NS,pivot_resistance,SHORT,1336.0,1343.0,2102.06972452359,-13.327122053479561,-0.634,827.5007677559564,LOSS,file:///C:/DATA/CODE/Stocks/BackTest/Plots/intraday_trades/Intraday_Trade_0079_RELIANCE.NS_LOSS.png
81,80,INTRADAY TRADE,2026-06-29 15:00,RELIANCE.NS,pivot_support,LONG,1297.7,1302.0,2068.751919389891,4.592629261045559,0.222,832.093397017002,PROFIT,file:///C:/DATA/CODE/Stocks/BackTest/Plots/intraday_trades/Intraday_Trade_0080_RELIANCE.NS_PROFIT.png
82,81,INTRADAY TRADE,2026-06-29 10:15,RELIANCE.NS,pivot_support,LONG,1311.0,1307.0,2080.233492542505,-8.612166659125968,-0.414,823.481230357876,LOSS,file:///C:/DATA/CODE/Stocks/BackTest/Plots/intraday_trades/Intraday_Trade_0081_RELIANCE.NS_LOSS.png
83,82,INTRADAY TRADE,2026-06-29 10:45,RELIANCE.NS,pivot_support,SHORT,1311.2,1302.0,2058.7030758946903,12.208109240055512,0.593,835.6893395979315,PROFIT,file:///C:/DATA/CODE/Stocks/BackTest/Plots/intraday_trades/Intraday_Trade_0082_RELIANCE.NS_PROFIT.png
84,83,INTRADAY TRADE,2026-06-18 10:30,RVNL.NS,pivot_resistance+prev_day_high,LONG,246.98,245.75,2089.223348994829,-12.68158572839861,-0.607,823.0077538695328,LOSS,file:///C:/DATA/CODE/Stocks/BackTest/Plots/intraday_trades/Intraday_Trade_0083_RVNL.NS_LOSS.png
85,84,INTRADAY TRADE,2026-06-17 13:00,SIEMENS.NS,pivot_resistance+prev_day_high,SHORT,3675.0,3708.0,2057.519384673832,-20.73979539751223,-1.008,802.2679584720206,LOSS,file:///C:/DATA/CODE/Stocks/BackTest/Plots/intraday_trades/Intraday_Trade_0084_SIEMENS.NS_LOSS.png
86,85,INTRADAY TRADE,2026-06-17 11:45,SIEMENS.NS,pivot_resistance,SHORT,3660.6,3684.6,2005.6698961800516,-15.363431404739195,-0.766,786.9045270672814,LOSS,file:///C:/DATA/CODE/Stocks/BackTest/Plots/intraday_trades/Intraday_Trade_0085_SIEMENS.NS_LOSS.png
87,86,INTRADAY TRADE,2026-06-17 11:45,SIEMENS.NS,pivot_resistance,SHORT,3660.6,3684.6,1967.2613176682034,-15.069221693338438,-0.766,771.8353053739429,LOSS,file:///C:/DATA/CODE/Stocks/BackTest/Plots/intraday_trades/Intraday_Trade_0086_SIEMENS.NS_LOSS.png
88,87,INTRADAY TRADE,2026-06-30 11:00,SJVN.NS,pivot_resistance,LONG,73.42,73.01,1929.5882634348573,-12.889649599744846,-0.668,758.945655774198,LOSS,file:///C:/DATA/CODE/Stocks/BackTest/Plots/intraday_trades/Intraday_Trade_0087_SJVN.NS_LOSS.png
89,88,INTRADAY TRADE,2026-06-30 11:00,SJVN.NS,pivot_resistance,LONG,73.42,73.01,1897.364139435495,-12.674392451429107,-0.668,746.271263322769,LOSS,file:///C:/DATA/CODE/Stocks/BackTest/Plots/intraday_trades/Intraday_Trade_0088_SJVN.NS_LOSS.png
90,89,INTRADAY TRADE,2026-06-22 11:00,SUNPHARMA.NS,prev_day_high,SHORT,1847.6,1857.6,1865.6781583069223,-12.145564810578065,-0.651,734.1256985121909,LOSS,file:///C:/DATA/CODE/Stocks/BackTest/Plots/intraday_trades/Intraday_Trade_0089_SUNPHARMA.NS_LOSS.png
91,90,INTRADAY TRADE,2026-07-01 11:15,SUNPHARMA.NS,pivot_resistance,LONG,1875.3,1861.5,1835.3142462804772,-15.50840538107003,-0.845,718.6172931311208,LOSS,file:///C:/DATA/CODE/Stocks/BackTest/Plots/intraday_trades/Intraday_Trade_0090_SUNPHARMA.NS_LOSS.png
92,91,INTRADAY TRADE,2026-07-01 14:30,TATACOMM.NS,pivot_support,LONG,1919.8,1904.0,1796.543232827802,-16.743782929955117,-0.932,701.8735102011657,LOSS,file:///C:/DATA/CODE/Stocks/BackTest/Plots/intraday_trades/Intraday_Trade_0091_TATACOMM.NS_LOSS.png
93,92,INTRADAY TRADE,2026-07-01 14:30,TATACOMM.NS,pivot_support,LONG,1919.8,1904.0,1754.6837755029142,-16.35365278768716,-0.932,685.5198574134786,LOSS,file:///C:/DATA/CODE/Stocks/BackTest/Plots/intraday_trades/Intraday_Trade_0092_TATACOMM.NS_LOSS.png
94,93,INTRADAY TRADE,2026-06-24 12:45,TATAPOWER.NS,pivot_support+prev_day_low,LONG,394.2,392.8,1713.7996435336963,-7.952030345996351,-0.464,677.5678270674822,LOSS,file:///C:/DATA/CODE/Stocks/BackTest/Plots/intraday_trades/Intraday_Trade_0093_TATAPOWER.NS_LOSS.png
95,94,INTRADAY TRADE,2026-06-24 12:45,TATAPOWER.NS,pivot_support,LONG,394.2,392.8,1693.9195676687054,-7.859786793982793,-0.464,669.7080402734994,LOSS,file:///C:/DATA/CODE/Stocks/BackTest/Plots/intraday_trades/Intraday_Trade_0094_TATAPOWER.NS_LOSS.png
96,95,INTRADAY TRADE,2026-06-24 12:45,TATAPOWER.NS,pivot_support,LONG,394.2,392.8,1674.2701006837483,-7.768613267172592,-0.464,661.9394270063268,LOSS,file:///C:/DATA/CODE/Stocks/BackTest/Plots/intraday_trades/Intraday_Trade_0095_TATAPOWER.NS_LOSS.png
97,96,INTRADAY TRADE,2026-06-23 11:30,TECHM.NS,prev_day_low,LONG,1408.1,1415.6,1654.848567515817,7.000009440591906,0.423,668.9394364469188,PROFIT,file:///C:/DATA/CODE/Stocks/BackTest/Plots/intraday_trades/Intraday_Trade_0096_TECHM.NS_PROFIT.png
98,97,INTRADAY TRADE,2026-06-23 11:30,TECHM.NS,pivot_support,LONG,1408.1,1415.6,1672.348591117297,7.074034540426167,0.423,676.0134709873449,PROFIT,file:///C:/DATA/CODE/Stocks/BackTest/Plots/intraday_trades/Intraday_Trade_0097_TECHM.NS_PROFIT.png
99,98,INTRADAY TRADE,2026-06-23 11:30,TECHM.NS,pivot_support,LONG,1408.1,1415.6,1690.0336774683624,7.148842455691173,0.423,683.162313443036,PROFIT,file:///C:/DATA/CODE/Stocks/BackTest/Plots/intraday_trades/Intraday_Trade_0098_TECHM.NS_PROFIT.png
100,99,INTRADAY TRADE,2026-06-22 11:45,TMCV.NS,pivot_resistance,SHORT,406.55,407.8,1707.9057836075901,-7.121967117643651,-0.417,676.0403463253924,LOSS,file:///C:/DATA/CODE/Stocks/BackTest/Plots/intraday_trades/Intraday_Trade_0099_TMCV.NS_LOSS.png
101,100,INTRADAY TRADE,2026-06-24 14:45,TORNTPOWER.NS,prev_day_low,SHORT,1453.3,1438.5,1690.100865813481,15.363016870244545,0.909,691.403363195637,PROFIT,file:///C:/DATA/CODE/Stocks/BackTest/Plots/intraday_trades/Intraday_Trade_0100_TORNTPOWER.NS_PROFIT.png
102,101,INTRADAY TRADE,2026-06-29 10:30,TORNTPOWER.NS,prev_day_low,LONG,1404.8,1418.0,1728.5084079890926,14.329334702229575,0.829,705.7326978978666,PROFIT,file:///C:/DATA/CODE/Stocks/BackTest/Plots/intraday_trades/Intraday_Trade_0101_TORNTPOWER.NS_PROFIT.png
103,102,INTRADAY TRADE,2026-06-29 10:15,TRENT.NS,pivot_resistance+prev_day_high,SHORT,3278.6,3311.0,1764.3317447446666,-19.37236255729644,-1.098,686.3603353405701,LOSS,file:///C:/DATA/CODE/Stocks/BackTest/Plots/intraday_trades/Intraday_Trade_0102_TRENT.NS_LOSS.png
104,103,INTRADAY TRADE,2026-06-29 10:15,TRENT.NS,pivot_resistance,SHORT,3278.6,3311.0,1715.9008383514254,-18.84059120509865,-1.098,667.5197441354715,LOSS,file:///C:/DATA/CODE/Stocks/BackTest/Plots/intraday_trades/Intraday_Trade_0103_TRENT.NS_LOSS.png
105,104,INTRADAY TRADE,2026-06-29 13:00,TRENT.NS,pivot_resistance,LONG,3267.5,3247.0,1668.7993603386785,-12.299051285696061,-0.737,655.2206928497754,LOSS,file:///C:/DATA/CODE/Stocks/BackTest/Plots/intraday_trades/Intraday_Trade_0104_TRENT.NS_LOSS.png
106,105,INTRADAY TRADE,2026-06-30 11:30,TRENT.NS,pivot_resistance,SHORT,3279.9,3289.0,1638.0517321244386,-6.339260203321578,-0.387,648.8814326464538,LOSS,file:///C:/DATA/CODE/Stocks/BackTest/Plots/intraday_trades/Intraday_Trade_0105_TRENT.NS_LOSS.png
107,106,INTRADAY TRADE,2026-06-22 10:30,VOLTAS.NS,pivot_resistance+prev_day_high,LONG,1363.0,1352.2,1622.2035816161347,-14.616054270361374,-0.901,634.2653783760925,LOSS,file:///C:/DATA/CODE/Stocks/BackTest/Plots/intraday_trades/Intraday_Trade_0106_VOLTAS.NS_LOSS.png
108,107,INTRADAY TRADE,2026-06-22 10:30,VOLTAS.NS,pivot_resistance,LONG,1363.0,1352.2,1585.6634459402312,-14.286827647921484,-0.901,619.9785507281711,LOSS,file:///C:/DATA/CODE/Stocks/BackTest/Plots/intraday_trades/Intraday_Trade_0107_VOLTAS.NS_LOSS.png
109,108,INTRADAY TRADE,2026-06-22 10:30,VOLTAS.NS,pivot_resistance,LONG,1363.0,1352.2,1549.9463768204278,-13.965016855152054,-0.901,606.013533873019,LOSS,file:///C:/DATA/CODE/Stocks/BackTest/Plots/intraday_trades/Intraday_Trade_0108_VOLTAS.NS_LOSS.png
110,109,INTRADAY TRADE,2026-06-22 10:30,VOLTAS.NS,pivot_resistance,LONG,1363.0,1352.2,1515.0338346825474,-13.650454850489753,-0.901,592.3630790225293,LOSS,file:///C:/DATA/CODE/Stocks/BackTest/Plots/intraday_trades/Intraday_Trade_0109_VOLTAS.NS_LOSS.png
111,110,INTRADAY TRADE,2026-06-22 10:30,VOLTAS.NS,pivot_resistance,LONG,1363.0,1352.2,1480.9076975563232,-13.342978354982474,-0.901,579.0201006675468,LOSS,file:///C:/DATA/CODE/Stocks/BackTest/Plots/intraday_trades/Intraday_Trade_0110_VOLTAS.NS_LOSS.png
112,111,INTRADAY TRADE,2026-06-24 11:00,WIPRO.NS,prev_day_low,SHORT,173.62,174.9,1447.550251668867,-12.260750631635304,-0.847,566.7593500359114,LOSS,file:///C:/DATA/CODE/Stocks/BackTest/Plots/intraday_trades/Intraday_Trade_0111_WIPRO.NS_LOSS.png
113,112,INTRADAY TRADE,2026-06-15 10:00,YESBANK.NS,pivot_support,SHORT,23.34,23.47,1416.8983750897787,-9.450712161848825,-0.667,557.3086378740626,LOSS,file:///C:/DATA/CODE/Stocks/BackTest/Plots/intraday_trades/Intraday_Trade_0112_YESBANK.NS_LOSS.png
114,113,INTRADAY TRADE,2026-06-24 13:45,YESBANK.NS,pivot_resistance+prev_day_high,SHORT,24.99,24.99,1393.2715946851565,-1.5325987541536723,-0.11,555.7760391199089,LOSS,file:///C:/DATA/CODE/Stocks/BackTest/Plots/intraday_trades/Intraday_Trade_0113_YESBANK.NS_LOSS.png
115,114,INTRADAY TRADE,2026-06-24 09:45,YESBANK.NS,pivot_resistance,SHORT,24.84,24.99,1389.4400977997723,-9.920602298290374,-0.714,545.8554368216185,LOSS,file:///C:/DATA/CODE/Stocks/BackTest/Plots/intraday_trades/Intraday_Trade_0114_YESBANK.NS_LOSS.png
116,115,INTRADAY TRADE,2026-06-24 09:45,YESBANK.NS,pivot_resistance,SHORT,24.84,24.99,1364.638592054046,-9.743519547265889,-0.714,536.1119172743525,LOSS,file:///C:/DATA/CODE/Stocks/BackTest/Plots/intraday_trades/Intraday_Trade_0115_YESBANK.NS_LOSS.png
117,116,INTRADAY TRADE,2026-06-29 13:30,ZYDUSLIFE.NS,pivot_resistance+prev_day_high,LONG,1114.7,1122.0,1340.2797931858813,7.304524872863053,0.545,543.4164421472155,PROFIT,file:///C:/DATA/CODE/Stocks/BackTest/Plots/intraday_trades/Intraday_Trade_0116_ZYDUSLIFE.NS_PROFIT.png
