Year_Month,Monthly_Start_Equity,Equity,Monthly_PnL,Monthly_Return_Pct
2010-01,100000.0,98750.0,-1250.0,-1.25
2010-02,98750.0,91750.0,-7000.0,-7.088607594936709
2010-03,91750.0,94500.0,2750.0,2.997275204359673
2010-04,94500.0,102750.0,8250.0,8.73015873015873
2010-05,102750.0,95750.0,-7000.0,-6.81265206812652
2010-06,95750.0,98500.0,2750.0,2.8720626631853787
2010-07,98500.0,101250.0,2750.0,2.7918781725888326
2010-08,101250.0,103000.0,1750.0,1.728395061728395
2010-09,103000.0,103000.0,0.0,0.0
2010-10,103000.0,109250.0,6250.0,6.067961165048544
2010-11,109250.0,113750.0,4500.0,4.118993135011442
2010-12,113750.0,110750.0,-3000.0,-2.6373626373626373
2011-01,110750.0,99250.0,-11500.0,-10.383747178329571
2011-02,99250.0,93250.0,-6000.0,-6.045340050377834
2011-03,93250.0,91750.0,-1500.0,-1.6085790884718498
2011-04,91750.0,97250.0,5500.0,5.994550408719346
2011-05,97250.0,93250.0,-4000.0,-4.113110539845758
2011-06,93250.0,96000.0,2750.0,2.949061662198391
2011-07,96000.0,100500.0,4500.0,4.6875
2011-08,100500.0,101000.0,500.0,0.4975124378109453
2011-09,101000.0,99750.0,-1250.0,-1.2376237623762376
2011-10,99750.0,96750.0,-3000.0,-3.007518796992481
2011-11,96750.0,93250.0,-3500.0,-3.6175710594315245
2011-12,93250.0,92250.0,-1000.0,-1.0723860589812333
2012-01,92250.0,95500.0,3250.0,3.523035230352303
2012-02,95500.0,104250.0,8750.0,9.162303664921465
2012-03,104250.0,102250.0,-2000.0,-1.9184652278177456
2012-04,102250.0,105000.0,2750.0,2.689486552567237
2012-05,105000.0,104500.0,-500.0,-0.4761904761904762
2012-06,104500.0,103500.0,-1000.0,-0.9569377990430622
2012-07,103500.0,100500.0,-3000.0,-2.898550724637681
2012-08,100500.0,98500.0,-2000.0,-1.9900497512437811
2012-09,98500.0,99000.0,500.0,0.5076142131979695
2012-10,99000.0,99000.0,0.0,0.0
2012-11,99000.0,99000.0,0.0,0.0
2012-12,99000.0,101750.0,2750.0,2.7777777777777777
2013-01,101750.0,98750.0,-3000.0,-2.9484029484029484
2013-02,98750.0,98250.0,-500.0,-0.5063291139240507
2013-03,98250.0,98250.0,0.0,0.0
2013-04,98250.0,96750.0,-1500.0,-1.5267175572519083
2013-05,96750.0,97250.0,500.0,0.516795865633075
2013-06,97250.0,93250.0,-4000.0,-4.113110539845758
2013-07,93250.0,91750.0,-1500.0,-1.6085790884718498
2013-08,91750.0,92250.0,500.0,0.544959128065395
2013-09,92250.0,92250.0,0.0,0.0
2013-10,92250.0,92250.0,0.0,0.0
2013-11,92250.0,92250.0,0.0,0.0
2013-12,92250.0,95000.0,2750.0,2.9810298102981028
2014-01,95000.0,97750.0,2750.0,2.8947368421052633
2014-02,97750.0,97750.0,0.0,0.0
2014-03,97750.0,101000.0,3250.0,3.324808184143223
2014-04,101000.0,106500.0,5500.0,5.445544554455446
2014-05,106500.0,113250.0,6750.0,6.338028169014084
2014-06,113250.0,137000.0,23750.0,20.97130242825607
2014-07,137000.0,159500.0,22500.0,16.423357664233578
2014-08,159500.0,163000.0,3500.0,2.19435736677116
2014-09,163000.0,171250.0,8250.0,5.061349693251533
2014-10,171250.0,167000.0,-4250.0,-2.4817518248175183
2014-11,167000.0,168750.0,1750.0,1.0479041916167664
2014-12,168750.0,169000.0,250.0,0.14814814814814814
2015-01,169000.0,176000.0,7000.0,4.142011834319527
2015-02,176000.0,177250.0,1250.0,0.7102272727272727
2015-03,177250.0,178750.0,1500.0,0.846262341325811
2015-04,178750.0,192750.0,14000.0,7.8321678321678325
2015-05,192750.0,189250.0,-3500.0,-1.8158236057068744
2015-06,189250.0,200500.0,11250.0,5.9445178335535
2015-07,200500.0,204750.0,4250.0,2.119700748129676
2015-08,204750.0,212750.0,8000.0,3.907203907203907
2015-09,212750.0,211500.0,-1250.0,-0.5875440658049353
2015-10,211500.0,219250.0,7750.0,3.664302600472813
2015-11,219250.0,220750.0,1500.0,0.6841505131128849
2015-12,220750.0,224750.0,4000.0,1.8120045300113252
2016-01,224750.0,229000.0,4250.0,1.8909899888765296
2016-02,229000.0,208750.0,-20250.0,-8.842794759825328
2016-03,208750.0,209250.0,500.0,0.23952095808383234
2016-04,209250.0,220250.0,11000.0,5.256869772998805
2016-05,220250.0,222750.0,2500.0,1.1350737797956867
2016-06,222750.0,225000.0,2250.0,1.0101010101010102
2016-07,225000.0,227750.0,2750.0,1.2222222222222223
2016-08,227750.0,226750.0,-1000.0,-0.43907793633369924
2016-09,226750.0,230500.0,3750.0,1.6538037486218304
2016-10,230500.0,248500.0,18000.0,7.809110629067245
2016-11,248500.0,239250.0,-9250.0,-3.722334004024145
2016-12,239250.0,241000.0,1750.0,0.7314524555903866
2017-01,241000.0,246500.0,5500.0,2.2821576763485476
2017-02,246500.0,251750.0,5250.0,2.129817444219067
2017-03,251750.0,250500.0,-1250.0,-0.49652432969215493
2017-04,250500.0,259250.0,8750.0,3.493013972055888
2017-05,259250.0,259250.0,0.0,0.0
2017-06,259250.0,269000.0,9750.0,3.7608486017357765
2017-07,269000.0,274250.0,5250.0,1.9516728624535316
2017-08,274250.0,269750.0,-4500.0,-1.6408386508659982
2017-09,269750.0,278250.0,8500.0,3.151065801668211
2017-10,278250.0,285500.0,7250.0,2.605570530098832
2017-11,285500.0,286250.0,750.0,0.2626970227670753
2017-12,286250.0,304250.0,18000.0,6.2882096069869
2018-01,304250.0,327500.0,23250.0,7.641741988496302
2018-02,327500.0,318500.0,-9000.0,-2.7480916030534353
2018-03,318500.0,315000.0,-3500.0,-1.098901098901099
2018-04,315000.0,334500.0,19500.0,6.190476190476191
2018-05,334500.0,327250.0,-7250.0,-2.167414050822123
2018-06,327250.0,315750.0,-11500.0,-3.514132925897632
2018-07,315750.0,302750.0,-13000.0,-4.117181314330958
2018-08,302750.0,322500.0,19750.0,6.5235342691990095
2018-09,322500.0,319750.0,-2750.0,-0.8527131782945736
2018-10,319750.0,303750.0,-16000.0,-5.003909304143862
2018-11,303750.0,305500.0,1750.0,0.5761316872427984
2018-12,305500.0,310000.0,4500.0,1.4729950900163666
2019-01,310000.0,314750.0,4750.0,1.532258064516129
2019-02,314750.0,316000.0,1250.0,0.3971405877680699
2019-03,316000.0,341250.0,25250.0,7.990506329113924
2019-04,341250.0,348000.0,6750.0,1.9780219780219779
2019-05,348000.0,351500.0,3500.0,1.0057471264367817
2019-06,351500.0,348000.0,-3500.0,-0.995732574679943
2019-07,348000.0,341500.0,-6500.0,-1.8678160919540232
2019-08,341500.0,340500.0,-1000.0,-0.29282576866764276
2019-09,340500.0,344750.0,4250.0,1.2481644640234948
2019-10,344750.0,346500.0,1750.0,0.5076142131979695
2019-11,346500.0,358750.0,12250.0,3.535353535353535
2019-12,358750.0,351750.0,-7000.0,-1.951219512195122
2020-01,351750.0,371000.0,19250.0,5.472636815920398
2020-02,371000.0,389250.0,18250.0,4.919137466307277
2020-03,389250.0,358750.0,-30500.0,-7.83558124598587
2020-04,358750.0,383750.0,25000.0,6.968641114982578
2020-05,383750.0,383500.0,-250.0,-0.06514657980456026
2020-06,383500.0,433000.0,49500.0,12.907431551499348
2020-07,433000.0,433000.0,0.0,0.0
2020-08,433000.0,468750.0,35750.0,8.25635103926097
2020-09,468750.0,466500.0,-2250.0,-0.48
2020-10,466500.0,474250.0,7750.0,1.6613076098606645
2020-11,474250.0,496750.0,22500.0,4.744333157617291
2020-12,496750.0,520500.0,23750.0,4.781077000503271
2021-01,520500.0,542250.0,21750.0,4.178674351585014
2021-02,542250.0,564000.0,21750.0,4.011065006915629
2021-03,564000.0,588250.0,24250.0,4.299645390070922
2021-04,588250.0,604750.0,16500.0,2.804929876753081
2021-05,604750.0,645250.0,40500.0,6.696982224059529
2021-06,645250.0,710000.0,64750.0,10.034870205346765
2021-07,710000.0,779750.0,69750.0,9.82394366197183
2021-08,779750.0,797750.0,18000.0,2.3084321898044244
2021-09,797750.0,925250.0,127500.0,15.98245064243184
2021-10,925250.0,994500.0,69250.0,7.484463658470683
2021-11,994500.0,1003000.0,8500.0,0.8547008547008548
2021-12,1003000.0,1050500.0,47500.0,4.735792622133599
2022-01,1050500.0,1119250.0,68750.0,6.544502617801047
2022-02,1119250.0,1092500.0,-26750.0,-2.389993299084208
2022-03,1092500.0,1099750.0,7250.0,0.6636155606407322
2022-04,1099750.0,1129750.0,30000.0,2.72789270288702
2022-05,1129750.0,1105750.0,-24000.0,-2.1243637973002873
2022-06,1105750.0,1141500.0,35750.0,3.2330997060818447
2022-07,1141500.0,1193250.0,51750.0,4.533508541392904
2022-08,1193250.0,1247750.0,54500.0,4.567358055730149
2022-09,1247750.0,1296750.0,49000.0,3.9270687237026647
2022-10,1296750.0,1347500.0,50750.0,3.913630229419703
2022-11,1347500.0,1385000.0,37500.0,2.782931354359926
2022-12,1385000.0,1427500.0,42500.0,3.068592057761733
2023-01,1427500.0,1429000.0,1500.0,0.10507880910683014
2023-02,1429000.0,1417250.0,-11750.0,-0.8222533240027992
2023-03,1417250.0,1429750.0,12500.0,0.8819897689186805
2023-04,1429750.0,1505500.0,75750.0,5.29812904353908
2023-05,1505500.0,1599250.0,93750.0,6.227167054134839
2023-06,1599250.0,1676750.0,77500.0,4.8460215726121625
2023-07,1676750.0,1760000.0,83250.0,4.964961980020874
2023-08,1760000.0,1838500.0,78500.0,4.4602272727272725
2023-09,1838500.0,1944750.0,106250.0,5.779167799836824
2023-10,1944750.0,1991750.0,47000.0,2.416763080087415
2023-11,1991750.0,2099750.0,108000.0,5.422367264967993
2023-12,2099750.0,2266250.0,166500.0,7.929515418502203
2024-01,2266250.0,2444250.0,178000.0,7.854384997242141
2024-02,2444250.0,2523750.0,79500.0,3.2525314513654493
2024-03,2523750.0,2528000.0,4250.0,0.16840019811788015
2024-04,2528000.0,2678000.0,150000.0,5.9335443037974684
2024-05,2678000.0,2755250.0,77250.0,2.8846153846153846
2024-06,2755250.0,2845250.0,90000.0,3.2664912439887486
2024-07,2845250.0,3005000.0,159750.0,5.614620859326949
2024-08,3005000.0,3108500.0,103500.0,3.4442595673876872
2024-09,3108500.0,3200000.0,91500.0,2.9435419012385395
2024-10,3200000.0,3141000.0,-59000.0,-1.84375
2024-11,3141000.0,3179750.0,38750.0,1.233683540273798
2024-12,3179750.0,3327750.0,148000.0,4.654453966506801
2025-01,3327750.0,3308250.0,-19500.0,-0.5859815190443994
2025-02,3308250.0,3216750.0,-91500.0,-2.765812740875085
2025-03,3216750.0,3308250.0,91500.0,2.84448589414782
2025-04,3308250.0,3455750.0,147500.0,4.458550593213935
2025-05,3455750.0,3658750.0,203000.0,5.874267525139261
2025-06,3658750.0,3801750.0,143000.0,3.9084386744106596
2025-07,3801750.0,3900250.0,98500.0,2.5909120799631746
2025-08,3900250.0,3924750.0,24500.0,0.6281648612268445
2025-09,3924750.0,3981750.0,57000.0,1.4523218039365564
2025-10,3981750.0,4085250.0,103500.0,2.599359578074967
2025-11,4085250.0,4097750.0,12500.0,0.30597882626522244
2025-12,4097750.0,4153500.0,55750.0,1.3605027149045208
2026-01,4153500.0,4084750.0,-68750.0,-1.6552305284699653
2026-02,4084750.0,4141750.0,57000.0,1.3954342371014137
2026-03,4141750.0,3955250.0,-186500.0,-4.5029275064888035
2026-04,3955250.0,4336250.0,381000.0,9.63276657606978
2026-05,4336250.0,4469750.0,133500.0,3.0786970308446238
2026-06,4469750.0,4576000.0,106250.0,2.377090441299849
2026-07,4576000.0,4750500.0,174500.0,3.813374125874126
2026-08,4750500.0,5199000.0,448500.0,9.441111461951374
