Transaction_ID,Trade_ID,Type,Date,Ticker,Liquidity_Source,Support_Price,Quantity,Price,Total_Spend,Gross_PnL,Statutory_Taxes,Net_PnL,Return_Pct,Balance,Target_RR_Mode,Outcome,Chart_PNG_URI
1,0,DEPOSIT,2010-01-01,N/A,N/A,0.0,0,0.0,0.0,0.0,0.0,0.0,0.0,10000.0,N/A,DEPOSIT,N/A
2,1,BUY (ENTRY),2010-01-05,BBTC.NS,Weekly,55.6,82,60.52,4962.64,0.0,0.0,0.0,0.0,5037.36,1:2,OPEN,N/A
3,1,SELL (EXIT),2010-01-08,BBTC.NS,Weekly,55.6,82,70.79,4962.64,842.14,27.83,814.31,16.408806602937144,10814.310000000001,1:2,Success,file:///C:/DATA/CODE/Stocks/BackTest/plot_statement_trades/Trade_0001_BBTC.NS_2010-01-05_PROFIT.png
4,2,BUY (ENTRY),2010-01-25,SAKHTISUG.NS,Weekly,86.0,61,87.84,5358.24,0.0,0.0,0.0,0.0,5456.0700000000015,1:2,OPEN,N/A
5,3,BUY (ENTRY),2010-01-25,BALRAMCHIN.NS,Weekly,120.2,21,125.12,2627.52,0.0,0.0,0.0,0.0,2828.5500000000015,1:2,OPEN,N/A
6,2,SELL (EXIT),2010-01-28,SAKHTISUG.NS,Weekly,86.0,61,81.32,5358.24,-397.72,27.43,-425.15,-7.934508346024067,10389.16,1:2,Fail,file:///C:/DATA/CODE/Stocks/BackTest/plot_statement_trades/Trade_0002_SAKHTISUG.NS_2010-01-25_LOSS.png
7,3,SELL (EXIT),2010-01-28,BALRAMCHIN.NS,Weekly,120.2,21,118.68,2627.52,-135.24,21.63,-156.87,-5.970268542199489,5299.200000000002,1:2,Fail,file:///C:/DATA/CODE/Stocks/BackTest/plot_statement_trades/Trade_0003_BALRAMCHIN.NS_2010-01-25_LOSS.png
8,4,BUY (ENTRY),2010-01-28,VINDHYATEL.NS,Weekly,178.9,13,195.19,2537.47,0.0,0.0,0.0,0.0,2761.730000000002,1:2,OPEN,N/A
9,5,BUY (ENTRY),2010-01-29,ARE&M.NS,Weekly,76.55,17,77.48,1317.16,0.0,0.0,0.0,0.0,1444.5700000000018,1:2,OPEN,N/A
10,5,SELL (EXIT),2010-02-05,ARE&M.NS,Weekly,76.55,17,73.68,1317.16,-64.6,18.79,-83.39,-6.3310455829208285,2678.340000000002,1:2,Fail,file:///C:/DATA/CODE/Stocks/BackTest/plot_statement_trades/Trade_0005_ARE&M.NS_2010-01-29_LOSS.png
11,6,BUY (ENTRY),2010-02-06,DCAL.NS,Weekly,105.05,12,104.6,1255.1999999999998,0.0,0.0,0.0,0.0,1423.1400000000021,1:2,OPEN,N/A
12,4,SELL (EXIT),2010-02-24,VINDHYATEL.NS,Weekly,178.9,13,174.82,2537.47,-264.81,21.3,-286.11,-11.27540424123241,5013.090000000002,1:2,Fail,file:///C:/DATA/CODE/Stocks/BackTest/plot_statement_trades/Trade_0004_VINDHYATEL.NS_2010-01-28_LOSS.png
13,6,SELL (EXIT),2010-02-24,DCAL.NS,Weekly,105.05,12,98.4,1255.1999999999998,-74.4,18.64,-93.04,-7.41236456341619,2585.300000000002,1:2,Fail,file:///C:/DATA/CODE/Stocks/BackTest/plot_statement_trades/Trade_0006_DCAL.NS_2010-02-06_LOSS.png
14,7,BUY (ENTRY),2010-02-24,UNITECH.NS,Weekly,67.6,18,69.77,1255.86,0.0,0.0,0.0,0.0,1329.440000000002,1:2,OPEN,N/A
15,8,BUY (ENTRY),2010-02-24,SAMBHAAV.NS,Weekly,2.45,265,2.5,662.5,0.0,0.0,0.0,0.0,666.9400000000021,1:2,OPEN,N/A
16,7,SELL (EXIT),2010-03-31,UNITECH.NS,Weekly,67.6,18,74.94,1255.86,93.06,18.82,74.24,5.911486949182234,2659.5400000000022,1:2,Success,file:///C:/DATA/CODE/Stocks/BackTest/plot_statement_trades/Trade_0007_UNITECH.NS_2010-02-24_PROFIT.png
17,9,BUY (ENTRY),2010-03-03,HITECHCORP.NS,Weekly,83.0,14,91.09,1275.26,0.0,0.0,0.0,0.0,1384.2800000000022,1:2,OPEN,N/A
18,9,SELL (EXIT),2010-03-10,HITECHCORP.NS,Weekly,83.0,14,82.62,1275.26,-118.58,18.64,-137.22,-10.760158712733089,2522.3200000000024,1:2,Fail,file:///C:/DATA/CODE/Stocks/BackTest/plot_statement_trades/Trade_0009_HITECHCORP.NS_2010-03-03_LOSS.png
19,10,BUY (ENTRY),2010-03-11,NEULANDLAB.NS,Weekly,81.01,15,83.17,1247.55,0.0,0.0,0.0,0.0,1274.7700000000025,1:2,OPEN,N/A
20,10,SELL (EXIT),2010-03-16,NEULANDLAB.NS,Weekly,81.01,15,81.02,1247.55,-32.25,18.67,-50.92,-4.081599935874314,2471.4000000000024,1:2,Fail,file:///C:/DATA/CODE/Stocks/BackTest/plot_statement_trades/Trade_0010_NEULANDLAB.NS_2010-03-11_LOSS.png
21,11,BUY (ENTRY),2010-03-16,SUBEXLTD.NS,Weekly,55.65,20,61.66,1233.1999999999998,0.0,0.0,0.0,0.0,1238.2000000000025,1:2,OPEN,N/A
22,8,SELL (EXIT),2010-05-17,SAMBHAAV.NS,Weekly,2.45,265,2.91,662.5,108.65,17.51,91.14,13.756981132075472,1420.5800000000022,1:2,Success,file:///C:/DATA/CODE/Stocks/BackTest/plot_statement_trades/Trade_0008_SAMBHAAV.NS_2010-02-24_PROFIT.png
23,12,BUY (ENTRY),2010-03-31,NOCIL.NS,Monthly,21.15,32,22.12,707.84,0.0,0.0,0.0,0.0,712.7400000000022,1:2,OPEN,N/A
24,12,SELL (EXIT),2010-04-09,NOCIL.NS,Monthly,21.15,32,24.01,707.84,60.48,17.57,42.91,6.062104430379746,1463.490000000002,1:2,Success,file:///C:/DATA/CODE/Stocks/BackTest/plot_statement_trades/Trade_0012_NOCIL.NS_2010-03-31_PROFIT.png
25,13,BUY (ENTRY),2010-04-12,ZENSARTECH.NS,Weekly,27.41,25,29.02,725.5,0.0,0.0,0.0,0.0,737.990000000002,1:2,OPEN,N/A
26,13,SELL (EXIT),2010-04-13,ZENSARTECH.NS,Weekly,27.41,25,31.86,725.5,71.0,17.62,53.38,7.357684355616817,1516.8700000000022,1:2,Success,file:///C:/DATA/CODE/Stocks/BackTest/plot_statement_trades/Trade_0013_ZENSARTECH.NS_2010-04-12_PROFIT.png
27,14,BUY (ENTRY),2010-04-19,TTKHLTCARE.NS,Weekly,255.65,2,299.3,598.6,0.0,0.0,0.0,0.0,918.2700000000021,1:2,OPEN,N/A
28,14,SELL (EXIT),2010-04-20,TTKHLTCARE.NS,Weekly,255.65,2,322.47,598.6,46.34,17.31,29.03,4.849649181423321,1545.9000000000024,1:2,Success,file:///C:/DATA/CODE/Stocks/BackTest/plot_statement_trades/Trade_0014_TTKHLTCARE.NS_2010-04-19_PROFIT.png
29,15,BUY (ENTRY),2010-04-20,MTNL.NS,Weekly,71.75,10,72.87,728.7,0.0,0.0,0.0,0.0,817.2000000000023,1:2,OPEN,N/A
30,15,SELL (EXIT),2010-04-28,MTNL.NS,Weekly,71.75,10,71.63,728.7,-12.4,17.54,-29.94,-4.1086867023466445,1515.9600000000023,1:2,Fail,file:///C:/DATA/CODE/Stocks/BackTest/plot_statement_trades/Trade_0015_MTNL.NS_2010-04-20_LOSS.png
31,16,BUY (ENTRY),2010-04-28,EIMCOELECO.NS,Weekly,225.0,2,265.26,530.52,0.0,0.0,0.0,0.0,985.4400000000023,1:2,OPEN,N/A
32,11,SELL (EXIT),2010-05-24,SUBEXLTD.NS,Weekly,55.65,20,51.95,1233.1999999999998,-194.2,18.47,-212.67,-17.245377878689588,2258.7300000000023,1:2,Fail,file:///C:/DATA/CODE/Stocks/BackTest/plot_statement_trades/Trade_0011_SUBEXLTD.NS_2010-03-16_LOSS.png
33,17,BUY (ENTRY),2010-05-17,NESTLEIND.NS,Weekly,122.1,7,142.64,998.4799999999999,0.0,0.0,0.0,0.0,1260.2500000000023,1:2,OPEN,N/A
34,16,SELL (EXIT),2010-11-09,EIMCOELECO.NS,Weekly,225.0,2,220.78,530.52,-88.96,17.02,-105.98,-19.976626705873485,1409.9800000000023,1:2,Fail,file:///C:/DATA/CODE/Stocks/BackTest/plot_statement_trades/Trade_0016_EIMCOELECO.NS_2010-04-28_LOSS.png
35,18,BUY (ENTRY),2010-05-24,UBL.NS,Weekly,192.05,3,195.14,585.42,0.0,0.0,0.0,0.0,824.5600000000023,1:2,OPEN,N/A
36,18,SELL (EXIT),2010-05-25,UBL.NS,Weekly,192.05,3,187.81,585.42,-21.99,17.21,-39.2,-6.696047282293055,1370.7800000000025,1:2,Fail,file:///C:/DATA/CODE/Stocks/BackTest/plot_statement_trades/Trade_0018_UBL.NS_2010-05-24_LOSS.png
37,19,BUY (ENTRY),2010-05-26,KIRLOSBROS.NS,Weekly,255.0,2,257.11,514.22,0.0,0.0,0.0,0.0,856.5600000000024,1:2,OPEN,N/A
38,19,SELL (EXIT),2010-10-19,KIRLOSBROS.NS,Weekly,255.0,2,234.76,514.22,-44.7,17.03,-61.73,-12.004589475321845,1309.0500000000025,1:2,Fail,file:///C:/DATA/CODE/Stocks/BackTest/plot_statement_trades/Trade_0019_KIRLOSBROS.NS_2010-05-26_LOSS.png
39,20,BUY (ENTRY),2010-10-20,SKFINDIA.NS,Weekly,564.9,1,579.48,579.48,0.0,0.0,0.0,0.0,729.5700000000024,1:2,OPEN,N/A
40,20,SELL (EXIT),2010-10-22,SKFINDIA.NS,Weekly,564.9,1,563.44,579.48,-16.04,17.2,-33.24,-5.736177262373162,1275.8100000000024,1:2,Fail,file:///C:/DATA/CODE/Stocks/BackTest/plot_statement_trades/Trade_0020_SKFINDIA.NS_2010-10-20_LOSS.png
41,21,BUY (ENTRY),2010-10-22,TARAPUR.NS,Weekly,34.0,18,33.93,610.74,0.0,0.0,0.0,0.0,665.0700000000024,1:2,OPEN,N/A
42,21,SELL (EXIT),2010-10-25,TARAPUR.NS,Weekly,34.0,18,36.77,610.74,51.12,17.34,33.78,5.530995186167599,1309.5900000000024,1:2,Success,file:///C:/DATA/CODE/Stocks/BackTest/plot_statement_trades/Trade_0021_TARAPUR.NS_2010-10-22_PROFIT.png
43,22,BUY (ENTRY),2010-10-25,KINGFA.NS,Weekly,32.53,19,33.0,627.0,0.0,0.0,0.0,0.0,682.5900000000024,1:2,OPEN,N/A
44,22,SELL (EXIT),2010-11-01,KINGFA.NS,Weekly,32.53,19,31.91,627.0,-20.71,17.3,-38.01,-6.062200956937799,1271.5800000000024,1:2,Fail,file:///C:/DATA/CODE/Stocks/BackTest/plot_statement_trades/Trade_0022_KINGFA.NS_2010-10-25_LOSS.png
45,23,BUY (ENTRY),2010-11-01,EMAMILTD.NS,Weekly,150.72,4,154.15,616.6,0.0,0.0,0.0,0.0,654.9800000000024,1:2,OPEN,N/A
46,23,SELL (EXIT),2010-11-02,EMAMILTD.NS,Weekly,150.72,4,167.42,616.6,53.08,17.36,35.72,5.793058709049627,1307.3000000000025,1:2,Success,file:///C:/DATA/CODE/Stocks/BackTest/plot_statement_trades/Trade_0023_EMAMILTD.NS_2010-11-01_PROFIT.png
47,24,BUY (ENTRY),2010-11-02,DCMSHRIRAM.NS,Weekly,48.3,13,47.85,622.0500000000001,0.0,0.0,0.0,0.0,685.2500000000024,1:2,OPEN,N/A
48,24,SELL (EXIT),2010-11-08,DCMSHRIRAM.NS,Weekly,48.3,13,50.64,622.0500000000001,36.27,17.35,18.92,3.041556145004421,1326.2200000000025,1:2,Success,file:///C:/DATA/CODE/Stocks/BackTest/plot_statement_trades/Trade_0024_DCMSHRIRAM.NS_2010-11-02_PROFIT.png
49,25,BUY (ENTRY),2010-11-08,KCP.NS,Weekly,30.8,20,32.28,645.6,0.0,0.0,0.0,0.0,680.6200000000025,1:2,OPEN,N/A
50,17,SELL (EXIT),2010-11-15,NESTLEIND.NS,Weekly,122.1,7,198.66,998.4799999999999,392.14,18.56,373.58,37.41487060331705,2632.310000000002,1:2,Success,file:///C:/DATA/CODE/Stocks/BackTest/plot_statement_trades/Trade_0017_NESTLEIND.NS_2010-05-17_PROFIT.png
51,26,BUY (ENTRY),2010-11-09,KOTHARIPRO.NS,Weekly,56.8,22,57.83,1272.26,0.0,0.0,0.0,0.0,1360.0500000000022,1:2,OPEN,N/A
52,25,SELL (EXIT),2010-11-16,KCP.NS,Weekly,30.8,20,31.02,645.6,-25.2,17.34,-42.54,-6.589219330855019,1283.6800000000026,1:2,Fail,file:///C:/DATA/CODE/Stocks/BackTest/plot_statement_trades/Trade_0025_KCP.NS_2010-11-08_LOSS.png
53,27,BUY (ENTRY),2010-11-15,GREENPLY.NS,Weekly,7.38,84,7.62,640.08,0.0,0.0,0.0,0.0,643.6000000000025,1:2,OPEN,N/A
54,26,SELL (EXIT),2011-01-10,KOTHARIPRO.NS,Weekly,56.8,22,55.17,1272.26,-58.52,18.7,-77.22,-6.069514093031299,2555.090000000002,1:2,Fail,file:///C:/DATA/CODE/Stocks/BackTest/plot_statement_trades/Trade_0026_KOTHARIPRO.NS_2010-11-09_LOSS.png
55,28,BUY (ENTRY),2010-11-16,JUBLPHARMA.NS,Weekly,214.41,5,221.89,1109.4499999999998,0.0,0.0,0.0,0.0,1445.6400000000021,1:2,OPEN,N/A
56,28,SELL (EXIT),2010-11-23,JUBLPHARMA.NS,Weekly,214.41,5,215.27,1109.4499999999998,-33.1,18.36,-51.46,-4.638334309793142,2503.6300000000024,1:2,Fail,file:///C:/DATA/CODE/Stocks/BackTest/plot_statement_trades/Trade_0028_JUBLPHARMA.NS_2010-11-16_LOSS.png
57,29,BUY (ENTRY),2010-11-23,DHANBANK.NS,Weekly,179.0,7,165.01,1155.07,0.0,0.0,0.0,0.0,1348.5600000000024,1:2,OPEN,N/A
58,29,SELL (EXIT),2010-11-26,DHANBANK.NS,Weekly,179.0,7,156.49,1155.07,-59.64,18.44,-78.08,-6.759763477538158,2425.5500000000025,1:2,Fail,file:///C:/DATA/CODE/Stocks/BackTest/plot_statement_trades/Trade_0029_DHANBANK.NS_2010-11-23_LOSS.png
59,30,BUY (ENTRY),2010-11-29,SAIL.NS,Weekly,184.2,6,176.58,1059.48,0.0,0.0,0.0,0.0,1366.0700000000024,1:2,OPEN,N/A
60,30,SELL (EXIT),2010-12-20,SAIL.NS,Weekly,184.2,6,193.07,1059.48,98.94,18.39,80.55,7.602786272511043,2506.100000000002,1:2,Success,file:///C:/DATA/CODE/Stocks/BackTest/plot_statement_trades/Trade_0030_SAIL.NS_2010-11-29_PROFIT.png
61,31,BUY (ENTRY),2010-12-20,HEROMOTOCO.NS,Monthly,1669.9,1,1704.2,1704.2,0.0,0.0,0.0,0.0,801.9000000000021,1:2,OPEN,N/A
62,31,SELL (EXIT),2010-12-21,HEROMOTOCO.NS,Monthly,1669.9,1,1938.78,1704.2,234.58,19.96,214.62,12.593592301373077,2720.720000000002,1:2,Success,file:///C:/DATA/CODE/Stocks/BackTest/plot_statement_trades/Trade_0031_HEROMOTOCO.NS_2010-12-20_PROFIT.png
63,32,BUY (ENTRY),2010-12-21,SUBROS.NS,Weekly,39.8,33,41.04,1354.32,0.0,0.0,0.0,0.0,1366.4000000000021,1:2,OPEN,N/A
64,32,SELL (EXIT),2010-12-23,SUBROS.NS,Weekly,39.8,33,43.2,1354.32,71.28,19.01,52.27,3.8595014472207456,2772.9900000000025,1:2,Success,file:///C:/DATA/CODE/Stocks/BackTest/plot_statement_trades/Trade_0032_SUBROS.NS_2010-12-21_PROFIT.png
65,33,BUY (ENTRY),2010-12-23,CYIENT.NS,Monthly,152.0,9,154.05,1386.45,0.0,0.0,0.0,0.0,1386.5400000000025,1:2,OPEN,N/A
66,33,SELL (EXIT),2010-12-30,CYIENT.NS,Monthly,152.0,9,172.45,1386.45,165.6,19.18,146.42,10.560784737999928,2919.4100000000026,1:2,Success,file:///C:/DATA/CODE/Stocks/BackTest/plot_statement_trades/Trade_0033_CYIENT.NS_2010-12-23_PROFIT.png
67,34,BUY (ENTRY),2010-12-30,GTLINFRA.NS,Weekly,42.0,34,42.74,1453.16,0.0,0.0,0.0,0.0,1466.2500000000025,1:2,OPEN,N/A
68,27,SELL (EXIT),2011-01-10,GREENPLY.NS,Weekly,7.38,84,7.21,640.08,-34.44,17.32,-51.76,-8.086489188851392,1231.9200000000023,1:2,Fail,file:///C:/DATA/CODE/Stocks/BackTest/plot_statement_trades/Trade_0027_GREENPLY.NS_2010-11-15_LOSS.png
69,34,SELL (EXIT),2011-01-10,GTLINFRA.NS,Weekly,42.0,34,41.26,1453.16,-50.32,19.11,-69.43,-4.777863414902695,2849.9800000000023,1:2,Fail,file:///C:/DATA/CODE/Stocks/BackTest/plot_statement_trades/Trade_0034_GTLINFRA.NS_2010-12-30_LOSS.png
70,35,BUY (ENTRY),2011-01-12,MALUPAPER.NS,Monthly,12.4,102,13.86,1413.72,0.0,0.0,0.0,0.0,1436.2600000000023,1:2,OPEN,N/A
71,36,BUY (ENTRY),2011-01-12,ICICIBANK.NS,Weekly,189.29,3,189.76,569.28,0.0,0.0,0.0,0.0,866.9800000000023,1:2,OPEN,N/A
72,35,SELL (EXIT),2011-01-17,MALUPAPER.NS,Monthly,12.4,102,12.99,1413.72,-88.74,18.98,-107.72,-7.619613501966444,2742.260000000002,1:2,Fail,file:///C:/DATA/CODE/Stocks/BackTest/plot_statement_trades/Trade_0035_MALUPAPER.NS_2011-01-12_LOSS.png
73,36,SELL (EXIT),2011-01-17,ICICIBANK.NS,Weekly,189.29,3,182.14,569.28,-22.86,17.17,-40.03,-7.031689151208545,1396.2300000000023,1:2,Fail,file:///C:/DATA/CODE/Stocks/BackTest/plot_statement_trades/Trade_0036_ICICIBANK.NS_2011-01-12_LOSS.png
74,37,BUY (ENTRY),2011-01-17,SUPRAJIT.NS,Weekly,20.0,33,21.02,693.66,0.0,0.0,0.0,0.0,702.5700000000023,1:2,OPEN,N/A
75,38,BUY (ENTRY),2011-01-18,LUMAXTECH.NS,Weekly,31.99,10,32.23,322.29999999999995,0.0,0.0,0.0,0.0,380.27000000000237,1:2,OPEN,N/A
76,37,SELL (EXIT),2011-01-28,SUPRAJIT.NS,Weekly,20.0,33,22.5,693.66,48.84,17.52,31.32,4.5151803477207855,1427.5500000000025,1:2,Success,file:///C:/DATA/CODE/Stocks/BackTest/plot_statement_trades/Trade_0037_SUPRAJIT.NS_2011-01-17_PROFIT.png
77,39,BUY (ENTRY),2011-01-21,FELDVR.NS,Weekly,168.33,3,178.61,535.83,0.0,0.0,0.0,0.0,891.7200000000024,1:2,OPEN,N/A
78,39,SELL (EXIT),2011-01-24,FELDVR.NS,Weekly,168.33,3,168.16,535.83,-31.35,17.09,-48.44,-9.040180654312001,1379.1100000000024,1:2,Fail,file:///C:/DATA/CODE/Stocks/BackTest/plot_statement_trades/Trade_0039_FELDVR.NS_2011-01-21_LOSS.png
79,40,BUY (ENTRY),2011-01-24,TFL.NS,Weekly,20.24,36,18.7,673.1999999999999,0.0,0.0,0.0,0.0,705.9100000000025,1:2,OPEN,N/A
80,38,SELL (EXIT),2011-01-28,LUMAXTECH.NS,Weekly,31.99,10,30.67,322.29999999999995,-15.6,16.63,-32.23,-10.0,670.3400000000024,1:2,Fail,file:///C:/DATA/CODE/Stocks/BackTest/plot_statement_trades/Trade_0038_LUMAXTECH.NS_2011-01-18_LOSS.png
81,40,SELL (EXIT),2011-01-28,TFL.NS,Weekly,20.24,36,17.53,673.1999999999999,-42.12,17.38,-59.5,-8.83838383838384,1319.6100000000024,1:2,Fail,file:///C:/DATA/CODE/Stocks/BackTest/plot_statement_trades/Trade_0040_TFL.NS_2011-01-24_LOSS.png
82,41,BUY (ENTRY),2011-01-31,DRREDDY.NS,Weekly,323.22,2,313.71,627.42,0.0,0.0,0.0,0.0,692.1900000000024,1:2,OPEN,N/A
83,42,BUY (ENTRY),2011-01-31,GULFPETRO.NS,Weekly,10.74,32,10.69,342.08,0.0,0.0,0.0,0.0,350.11000000000246,1:2,OPEN,N/A
84,41,SELL (EXIT),2011-02-09,DRREDDY.NS,Weekly,323.22,2,304.75,627.42,-17.92,17.31,-35.23,-5.615058493513117,1284.3800000000024,1:2,Fail,file:///C:/DATA/CODE/Stocks/BackTest/plot_statement_trades/Trade_0041_DRREDDY.NS_2011-01-31_LOSS.png
85,43,BUY (ENTRY),2011-02-08,TVSHLTD.NS,Weekly,157.65,4,134.59,538.36,0.0,0.0,0.0,0.0,746.0200000000024,1:2,OPEN,N/A
86,42,SELL (EXIT),2011-02-09,GULFPETRO.NS,Weekly,10.74,32,10.01,342.08,-21.76,16.67,-38.43,-11.234214218896165,653.7600000000025,1:2,Fail,file:///C:/DATA/CODE/Stocks/BackTest/plot_statement_trades/Trade_0042_GULFPETRO.NS_2011-01-31_LOSS.png
87,43,SELL (EXIT),2011-02-09,TVSHLTD.NS,Weekly,157.65,4,130.12,538.36,-17.88,17.11,-34.99,-6.499368452336726,1249.3900000000024,1:2,Fail,file:///C:/DATA/CODE/Stocks/BackTest/plot_statement_trades/Trade_0043_TVSHLTD.NS_2011-02-08_LOSS.png
88,44,BUY (ENTRY),2011-02-09,GODREJCP.NS,Weekly,117.83,5,113.38,566.9,0.0,0.0,0.0,0.0,682.4900000000024,1:2,OPEN,N/A
89,45,BUY (ENTRY),2011-02-10,ELECON.NS,Weekly,30.05,10,31.31,313.09999999999997,0.0,0.0,0.0,0.0,369.39000000000243,1:2,OPEN,N/A
90,44,SELL (EXIT),2011-02-15,GODREJCP.NS,Weekly,117.83,5,122.76,566.9,46.9,17.24,29.66,5.2319633092256135,1279.0500000000025,1:2,Success,file:///C:/DATA/CODE/Stocks/BackTest/plot_statement_trades/Trade_0044_GODREJCP.NS_2011-02-09_PROFIT.png
91,45,SELL (EXIT),2011-02-15,ELECON.NS,Weekly,30.05,10,34.93,313.09999999999997,36.2,16.66,19.54,6.240817630150112,702.0300000000025,1:2,Success,file:///C:/DATA/CODE/Stocks/BackTest/plot_statement_trades/Trade_0045_ELECON.NS_2011-02-10_PROFIT.png
92,46,BUY (ENTRY),2011-02-15,TVSELECT.NS,Weekly,19.5,16,20.77,332.32,0.0,0.0,0.0,0.0,369.7100000000025,1:2,OPEN,N/A
93,47,BUY (ENTRY),2011-02-15,TVSELECT.NS,Weekly,22.0,8,20.77,166.16,0.0,0.0,0.0,0.0,203.55000000000248,1:2,OPEN,N/A
94,46,SELL (EXIT),2011-02-22,TVSELECT.NS,Weekly,19.5,16,19.33,332.32,-23.04,16.64,-39.68,-11.940298507462686,662.3500000000024,1:2,Fail,file:///C:/DATA/CODE/Stocks/BackTest/plot_statement_trades/Trade_0046_TVSELECT.NS_2011-02-15_LOSS.png
95,47,SELL (EXIT),2011-02-22,TVSELECT.NS,Weekly,22.0,8,19.33,166.16,-11.52,16.29,-27.81,-16.736880115551276,341.9000000000025,1:2,Fail,file:///C:/DATA/CODE/Stocks/BackTest/plot_statement_trades/Trade_0047_TVSELECT.NS_2011-02-15_LOSS.png
96,48,BUY (ENTRY),2011-02-22,VINDHYATEL.NS,Weekly,216.15,1,197.2,197.2,0.0,0.0,0.0,0.0,144.7000000000025,1:2,OPEN,N/A
97,48,SELL (EXIT),2011-02-23,VINDHYATEL.NS,Weekly,216.15,1,207.97,197.2,10.77,16.38,-5.61,-2.8448275862068972,336.29000000000246,1:2,Success,file:///C:/DATA/CODE/Stocks/BackTest/plot_statement_trades/Trade_0048_VINDHYATEL.NS_2011-02-22_LOSS.png
98,49,BUY (ENTRY),2011-02-23,IGL.NS,Weekly,29.42,5,30.63,153.15,0.0,0.0,0.0,0.0,183.14000000000246,1:2,OPEN,N/A
99,50,BUY (ENTRY),2011-02-23,TRIVENI.NS,Weekly,44.04,1,47.27,47.27,0.0,0.0,0.0,0.0,135.87000000000245,1:2,OPEN,N/A
100,50,SELL (EXIT),2011-02-24,TRIVENI.NS,Weekly,44.04,1,44.9,47.27,-2.37,16.03,-18.4,-38.92532261476623,164.74000000000245,1:2,Fail,file:///C:/DATA/CODE/Stocks/BackTest/plot_statement_trades/Trade_0050_TRIVENI.NS_2011-02-23_LOSS.png
101,49,SELL (EXIT),2011-02-25,IGL.NS,Weekly,29.42,5,28.94,153.15,-8.45,16.26,-24.71,-16.13450865164871,311.5800000000025,1:2,Fail,file:///C:/DATA/CODE/Stocks/BackTest/plot_statement_trades/Trade_0049_IGL.NS_2011-02-23_LOSS.png
102,51,BUY (ENTRY),2011-02-28,CINEVISTA.NS,Weekly,3.6,39,3.95,154.05,0.0,0.0,0.0,0.0,157.53000000000247,1:2,OPEN,N/A
103,52,BUY (ENTRY),2011-02-28,RADICO.NS,Weekly,130.8,1,126.63,126.63,0.0,0.0,0.0,0.0,30.90000000000248,1:2,OPEN,N/A
104,52,SELL (EXIT),2011-03-03,RADICO.NS,Weekly,130.8,1,131.93,126.63,5.3,16.22,-10.92,-8.623548922056385,146.6100000000025,1:2,Success,N/A
105,53,BUY (ENTRY),2011-03-03,GAIL.NS,Weekly,79.8,1,83.9,83.9,0.0,0.0,0.0,0.0,62.71000000000248,1:2,OPEN,N/A
106,53,SELL (EXIT),2011-05-18,GAIL.NS,Weekly,79.8,1,80.08,83.9,-3.82,16.11,-19.93,-23.75446960667461,126.68000000000248,1:2,Fail,N/A
107,54,BUY (ENTRY),2011-05-20,NMDC.NS,Weekly,63.57,1,65.78,65.78,0.0,0.0,0.0,0.0,60.90000000000248,1:2,OPEN,N/A
108,54,SELL (EXIT),2011-05-23,NMDC.NS,Weekly,63.57,1,64.32,65.78,-1.46,16.07,-17.53,-26.64943751900274,109.15000000000248,1:2,Fail,N/A
109,55,BUY (ENTRY),2011-05-23,GIPCL.NS,Weekly,84.1,1,81.03,81.03,0.0,0.0,0.0,0.0,28.120000000002477,1:2,OPEN,N/A
110,55,SELL (EXIT),2011-05-24,GIPCL.NS,Weekly,84.1,1,84.55,81.03,3.52,16.11,-12.59,-15.537455263482661,96.56000000000247,1:2,Success,N/A
111,56,BUY (ENTRY),2011-05-24,KECL.NS,Weekly,42.5,1,43.24,43.24,0.0,0.0,0.0,0.0,53.32000000000247,1:2,OPEN,N/A
112,56,SELL (EXIT),2011-05-25,KECL.NS,Weekly,42.5,1,42.41,43.24,-0.83,16.03,-16.86,-38.991674375578164,79.70000000000246,1:2,Fail,N/A
113,57,BUY (ENTRY),2011-05-25,APOLLOTYRE.NS,Weekly,64.15,1,64.36,64.36,0.0,0.0,0.0,0.0,15.340000000002462,1:2,OPEN,N/A
114,57,SELL (EXIT),2011-05-27,APOLLOTYRE.NS,Weekly,64.15,1,71.02,64.36,6.66,16.08,-9.42,-14.636420136730887,70.28000000000246,1:2,Success,N/A
115,58,BUY (ENTRY),2011-05-27,AJMERA.NS,Weekly,30.18,1,29.62,29.62,0.0,0.0,0.0,0.0,40.660000000002455,1:2,OPEN,N/A
116,58,SELL (EXIT),2011-05-30,AJMERA.NS,Weekly,30.18,1,31.32,29.62,1.7,16.0,-14.3,-48.27819041188386,55.980000000002455,1:2,Success,N/A
117,59,BUY (ENTRY),2011-05-30,JYOTHYLAB.NS,Weekly,46.03,1,51.35,51.35,0.0,0.0,0.0,0.0,4.630000000002454,1:2,OPEN,N/A
118,59,SELL (EXIT),2011-06-02,JYOTHYLAB.NS,Weekly,46.03,1,54.15,51.35,2.8,16.05,-13.25,-25.803310613437198,42.73000000000245,1:2,Success,N/A
119,60,BUY (ENTRY),2011-06-03,MARKSANS.NS,Weekly,2.2,9,2.3,20.7,0.0,0.0,0.0,0.0,22.03000000000245,1:2,OPEN,N/A
120,60,SELL (EXIT),2011-06-06,MARKSANS.NS,Weekly,2.2,9,2.61,20.7,2.79,15.98,-13.19,-63.71980676328503,29.540000000002447,1:2,Success,N/A
121,61,BUY (ENTRY),2011-06-10,CUBEXTUB.NS,Weekly,12.35,1,12.71,12.71,0.0,0.0,0.0,0.0,16.830000000002446,1:2,OPEN,N/A
122,61,SELL (EXIT),2011-06-17,CUBEXTUB.NS,Weekly,12.35,1,12.29,12.71,-0.42,15.96,-16.38,-128.8749016522423,13.160000000002444,1:2,Fail,N/A
123,62,BUY (ENTRY),2011-06-21,GOLDTECH.NS,Monthly,7.55,1,7.86,7.86,0.0,0.0,0.0,0.0,5.300000000002444,1:2,OPEN,N/A
124,62,SELL (EXIT),2011-06-22,GOLDTECH.NS,Monthly,7.55,1,7.49,7.86,-0.37,15.95,-16.32,-207.63358778625954,-3.159999999997555,1:2,Fail,N/A
125,51,SELL (EXIT),2011-08-03,CINEVISTA.NS,Weekly,3.6,39,5.67,154.05,67.08,16.34,50.74,32.937358000649134,362.32000000000244,1:2,Success,N/A
126,63,BUY (ENTRY),2011-08-03,TALBROAUTO.NS,Weekly,10.1,17,10.38,176.46,0.0,0.0,0.0,0.0,185.86000000000243,1:2,OPEN,N/A
127,64,BUY (ENTRY),2011-08-04,TATACHEM.NS,Weekly,152.13,1,155.24,155.24,0.0,0.0,0.0,0.0,30.62000000000242,1:2,OPEN,N/A
128,64,SELL (EXIT),2011-08-05,TATACHEM.NS,Weekly,152.13,1,151.32,155.24,-3.92,16.27,-20.19,-13.005668642102549,165.6700000000024,1:2,Fail,N/A
129,63,SELL (EXIT),2011-08-08,TALBROAUTO.NS,Weekly,10.1,17,9.89,176.46,-8.33,16.31,-24.64,-13.963504476935281,337.68000000000245,1:2,Fail,N/A
130,65,BUY (ENTRY),2011-08-08,VOLTAS.NS,Monthly,147.0,1,132.53,132.53,0.0,0.0,0.0,0.0,205.15000000000245,1:2,OPEN,N/A
131,66,BUY (ENTRY),2011-08-08,VOLTAS.NS,Weekly,147.0,1,132.53,132.53,0.0,0.0,0.0,0.0,72.62000000000245,1:2,OPEN,N/A
132,65,SELL (EXIT),2011-08-19,VOLTAS.NS,Monthly,147.0,1,123.38,132.53,-9.15,16.22,-25.37,-19.142835584395986,312.31000000000245,1:2,Fail,N/A
133,66,SELL (EXIT),2011-08-19,VOLTAS.NS,Weekly,147.0,1,123.38,132.53,-9.15,16.22,-25.37,-19.142835584395986,179.78000000000245,1:2,Fail,N/A
134,67,BUY (ENTRY),2011-08-22,KANORICHEM.NS,Weekly,35.7,2,33.03,66.06,0.0,0.0,0.0,0.0,113.72000000000244,1:2,OPEN,N/A
135,68,BUY (ENTRY),2011-08-22,RECLTD.NS,Weekly,66.51,1,65.09,65.09,0.0,0.0,0.0,0.0,48.63000000000244,1:2,OPEN,N/A
136,67,SELL (EXIT),2011-08-26,KANORICHEM.NS,Weekly,35.7,2,35.76,66.06,5.46,16.08,-10.62,-16.076294277929154,169.16000000000244,1:2,Success,N/A
137,69,BUY (ENTRY),2011-08-23,BANSWRAS.NS,Weekly,47.0,1,48.82,48.82,0.0,0.0,0.0,0.0,120.34000000000245,1:2,OPEN,N/A
138,68,SELL (EXIT),2011-08-30,RECLTD.NS,Weekly,66.51,1,61.16,65.09,-3.93,16.07,-20.0,-30.726686126901214,93.72000000000244,1:2,Fail,N/A
139,70,BUY (ENTRY),2011-08-29,HERITGFOOD.NS,Weekly,22.31,2,21.7,43.4,0.0,0.0,0.0,0.0,50.320000000002445,1:2,OPEN,N/A
140,69,SELL (EXIT),2011-09-05,BANSWRAS.NS,Weekly,47.0,1,47.73,48.82,-1.09,16.04,-17.13,-35.0880786562884,152.03000000000245,1:2,Fail,N/A
141,71,BUY (ENTRY),2011-08-30,WANBURY.NS,Weekly,24.4,3,24.12,72.36,0.0,0.0,0.0,0.0,79.67000000000245,1:2,OPEN,N/A
142,70,SELL (EXIT),2011-09-08,HERITGFOOD.NS,Weekly,22.31,2,23.56,43.4,3.72,16.03,-12.31,-28.36405529953917,81.41000000000244,1:2,Success,N/A
143,72,BUY (ENTRY),2011-09-05,ASHIMASYN.NS,Monthly,3.07,12,3.23,38.76,0.0,0.0,0.0,0.0,42.65000000000244,1:2,OPEN,N/A
144,71,SELL (EXIT),2011-09-09,WANBURY.NS,Weekly,24.4,3,25.62,72.36,4.5,16.1,-11.6,-16.03095632946379,140.43000000000245,1:2,Success,N/A
145,73,BUY (ENTRY),2011-09-08,NECLIFE.NS,Monthly,22.0,3,19.47,58.41,0.0,0.0,0.0,0.0,82.02000000000245,1:2,OPEN,N/A
146,72,SELL (EXIT),2011-09-09,ASHIMASYN.NS,Monthly,3.07,12,3.7,38.76,5.64,16.02,-10.38,-26.780185758513937,71.03000000000245,1:2,Success,N/A
147,73,SELL (EXIT),2011-09-09,NECLIFE.NS,Monthly,22.0,3,21.65,58.41,6.54,16.07,-9.53,-16.315699366546824,130.90000000000245,1:2,Success,N/A
148,74,BUY (ENTRY),2011-09-13,SHREYANIND.NS,Weekly,18.5,3,21.57,64.71000000000001,0.0,0.0,0.0,0.0,66.19000000000244,1:2,OPEN,N/A
149,75,BUY (ENTRY),2011-09-13,SHREYANIND.NS,Monthly,16.25,1,21.57,21.57,0.0,0.0,0.0,0.0,44.62000000000244,1:2,OPEN,N/A
150,74,SELL (EXIT),2011-09-16,SHREYANIND.NS,Weekly,18.5,3,19.98,64.71000000000001,-4.77,16.07,-20.84,-32.20522330397156,110.06000000000245,1:2,Fail,N/A
151,75,SELL (EXIT),2011-09-16,SHREYANIND.NS,Monthly,16.25,1,19.98,21.57,-1.59,15.98,-17.57,-81.45572554473807,48.62000000000244,1:2,Fail,N/A
152,76,BUY (ENTRY),2011-09-16,EDELWEISS.NS,Weekly,15.03,1,15.12,15.12,0.0,0.0,0.0,0.0,33.500000000002444,1:2,OPEN,N/A
153,77,BUY (ENTRY),2011-09-16,CESC.NS,Weekly,24.74,1,25.25,25.25,0.0,0.0,0.0,0.0,8.250000000002444,1:2,OPEN,N/A
154,77,SELL (EXIT),2011-09-21,CESC.NS,Weekly,24.74,1,26.34,25.25,1.09,15.99,-14.9,-59.009900990099005,18.600000000002446,1:2,Success,N/A
155,76,SELL (EXIT),2011-09-22,EDELWEISS.NS,Weekly,15.03,1,14.8,15.12,-0.32,15.96,-16.28,-107.67195767195767,32.34000000000245,1:2,Fail,N/A
156,78,BUY (ENTRY),2011-09-22,LFIC.NS,Weekly,34.0,1,29.53,29.53,0.0,0.0,0.0,0.0,2.8100000000024465,1:2,OPEN,N/A
157,78,SELL (EXIT),2011-09-23,LFIC.NS,Weekly,34.0,1,30.65,29.53,1.12,16.0,-14.88,-50.38943447341686,17.460000000002445,1:2,Success,N/A
158,79,BUY (ENTRY),2011-09-27,NG=F,Weekly,3.73,2,3.81,7.62,0.0,0.0,0.0,0.0,9.840000000002444,1:2,OPEN,N/A
159,80,BUY (ENTRY),2011-09-27,NG=F,Weekly,3.73,1,3.81,3.81,0.0,0.0,0.0,0.0,6.030000000002444,1:2,OPEN,N/A
160,79,SELL (EXIT),2011-09-30,NG=F,Weekly,3.73,2,3.68,7.62,-0.26,15.95,-16.21,-212.72965879265092,1.2500000000024443,1:2,Fail,N/A
161,80,SELL (EXIT),2011-09-30,NG=F,Weekly,3.73,1,3.68,3.81,-0.13,15.94,-16.07,-421.7847769028872,-6.229999999997556,1:2,Fail,N/A
