Date,Stock_Name,Ticker,Side,Range_930_High,Range_930_Low,Confirmation_Time,Retest_Entry_Time,Entry_Price,Exit1_Time,Exit1_Price,Exit1_PnL_Pct,Exit2_Time,Exit2_Price,Exit2_PnL_Pct,Gross_PnL_Pct,Trade_Fee_Amount,Net_Trade_PnL_Pct,Net_Trade_PnL_Amount,Trade_Status
2026-06-15,GROWW,GROWW.NS,SHORT,205.1,202.01,2026-06-15 10:00:00,2026-06-15 10:02:00,205.1,2026-06-15 10:03:00,206.02,-0.45,2026-06-15 10:03:00,206.02,-0.45,-0.45,2.7,-0.55,-13.74,LOSER
2026-06-15,ASHOKLEY,ASHOKLEY.NS,SHORT,160.34,159.41,2026-06-15 10:00:00,2026-06-15 10:18:00,160.34,2026-06-15 10:47:00,159.41,0.58,2026-06-15 15:15:00,157.51,1.77,1.17,2.56,1.03,25.64,WINNER
2026-06-15,YESBANK,YESBANK.NS,SHORT,23.37,23.25,2026-06-15 10:00:00,2026-06-15 10:26:00,23.37,2026-06-15 10:27:00,23.45,-0.34,2026-06-15 10:27:00,23.45,-0.34,-0.34,2.72,-0.45,-11.2,LOSER
2026-06-15,IDEA,IDEA.NS,LONG,15.23,15.05,2026-06-15 10:30:00,2026-06-15 10:38:00,15.05,2026-06-15 14:43:00,14.98,-0.47,2026-06-15 14:43:00,14.98,-0.47,-0.47,2.73,-0.57,-14.35,LOSER
2026-06-15,ASHOKLEY,ASHOKLEY.NS,LONG,160.34,159.41,2026-06-15 10:15:00,2026-06-15 10:47:00,159.41,2026-06-15 11:20:00,158.93,-0.3,2026-06-15 11:20:00,158.93,-0.3,-0.3,2.51,-0.39,-9.68,LOSER
2026-06-15,ZEEL,ZEEL.NS,LONG,111.65,109.85,2026-06-15 13:15:00,2026-06-15 14:18:00,109.85,2026-06-15 15:00:00,109.45,-0.36,2026-06-15 15:00:00,109.45,-0.36,-0.36,2.64,-0.46,-11.44,LOSER
2026-06-16,MEESHO,MEESHO.NS,SHORT,169.89,167.61,2026-06-16 10:45:00,2026-06-16 10:50:00,169.89,2026-06-16 10:51:00,171.06,-0.69,2026-06-16 10:51:00,171.06,-0.69,-0.69,2.61,-0.76,-18.99,LOSER
2026-06-16,IDEA,IDEA.NS,LONG,14.9,14.7,2026-06-16 10:45:00,2026-06-16 11:05:00,14.7,2026-06-16 11:44:00,14.65,-0.34,2026-06-16 11:44:00,14.65,-0.34,-0.34,2.73,-0.45,-11.23,LOSER
2026-06-16,YESBANK,YESBANK.NS,LONG,24.25,23.86,2026-06-16 12:00:00,2026-06-16 12:44:00,23.86,2026-06-16 13:40:00,23.7,-0.67,2026-06-16 13:40:00,23.7,-0.67,-0.67,2.71,-0.77,-19.35,LOSER
2026-06-16,HFCL,HFCL.NS,SHORT,187.85,185.56,2026-06-16 14:15:00,2026-06-16 14:56:00,187.85,2026-06-16 15:07:00,189.39,-0.82,2026-06-16 15:07:00,189.39,-0.82,-0.82,2.6,-0.9,-22.62,LOSER
2026-06-18,IDEA,IDEA.NS,LONG,14.97,14.91,2026-06-18 10:15:00,2026-06-18 10:17:00,14.91,2026-06-18 10:28:00,14.86,-0.34,2026-06-18 10:28:00,14.86,-0.34,-0.34,2.71,-0.44,-11.06,LOSER
2026-06-18,HDFCBANK,HDFCBANK.NS,SHORT,798.95,792.4,2026-06-18 10:45:00,2026-06-18 10:56:00,798.95,2026-06-18 15:15:00,799.95,-0.13,2026-06-18 15:15:00,799.95,-0.13,-0.13,2.29,-0.21,-5.29,LOSER
2026-06-18,BEL,BEL.NS,LONG,427.35,423.45,2026-06-18 11:00:00,2026-06-18 11:26:00,423.45,2026-06-18 11:55:00,427.35,0.92,2026-06-18 15:15:00,428.55,1.2,1.06,2.05,0.82,20.45,WINNER
2026-06-18,BEL,BEL.NS,SHORT,427.35,423.45,2026-06-18 10:00:00,2026-06-18 11:55:00,427.35,2026-06-18 11:57:00,428.65,-0.3,2026-06-18 11:57:00,428.65,-0.3,-0.3,2.16,-0.35,-8.66,LOSER
2026-06-18,IDEA,IDEA.NS,SHORT,14.97,14.91,2026-06-18 14:00:00,2026-06-18 15:00:00,14.97,2026-06-18 15:15:00,14.97,0.0,2026-06-18 15:15:00,14.97,0.0,0.0,2.73,-0.11,-2.73,LOSER
2026-06-19,HFCL,HFCL.NS,SHORT,209.61,207.98,2026-06-19 10:00:00,2026-06-19 10:02:00,209.61,2026-06-19 15:15:00,209.61,0.0,2026-06-19 15:15:00,209.61,0.0,0.0,2.44,-0.1,-2.44,LOSER
2026-06-19,IDEA,IDEA.NS,LONG,15.05,14.97,2026-06-19 10:15:00,2026-06-19 10:17:00,14.97,2026-06-19 11:12:00,15.05,0.53,2026-06-19 12:50:00,14.97,0.0,0.27,2.73,0.16,3.95,WINNER
2026-06-19,INFY,INFY.NS,SHORT,1040.5,1030.1,2026-06-19 11:00:00,2026-06-19 11:12:00,1040.5,2026-06-19 12:47:00,1043.9,-0.33,2026-06-19 12:47:00,1043.9,-0.33,-0.33,2.28,-0.36,-9.08,LOSER
2026-06-22,HDFCBANK,HDFCBANK.NS,LONG,788.0,784.0,2026-06-22 10:00:00,2026-06-22 10:04:00,784.0,2026-06-22 10:29:00,788.0,0.51,2026-06-22 15:15:00,786.55,0.33,0.42,2.05,0.31,7.77,WINNER
2026-06-22,GROWW,GROWW.NS,LONG,197.89,196.6,2026-06-22 10:00:00,2026-06-22 10:06:00,196.6,2026-06-22 10:23:00,197.89,0.66,2026-06-22 15:15:00,197.84,0.63,0.64,2.6,0.5,12.58,WINNER
2026-06-22,SOUTHBANK,SOUTHBANK.NS,LONG,47.9,47.57,2026-06-22 10:15:00,2026-06-22 10:32:00,47.57,2026-06-22 10:53:00,47.42,-0.32,2026-06-22 10:53:00,47.42,-0.32,-0.32,2.71,-0.42,-10.51,LOSER
2026-06-22,YESBANK,YESBANK.NS,SHORT,25.33,25.09,2026-06-22 10:30:00,2026-06-22 10:37:00,25.33,2026-06-22 12:49:00,25.09,0.95,2026-06-22 15:15:00,24.98,1.38,1.16,2.71,1.05,26.2,WINNER
2026-06-22,HDFCBANK,HDFCBANK.NS,SHORT,788.0,784.0,2026-06-22 10:45:00,2026-06-22 11:04:00,788.0,2026-06-22 15:15:00,786.55,0.18,2026-06-22 15:15:00,786.55,0.18,0.18,2.26,0.08,2.09,WINNER
2026-06-22,ZEEL,ZEEL.NS,SHORT,115.25,114.45,2026-06-22 11:15:00,2026-06-22 11:17:00,115.25,2026-06-22 11:18:00,115.61,-0.31,2026-06-22 11:18:00,115.61,-0.31,-0.31,2.61,-0.41,-10.17,LOSER
2026-06-23,VEDL,VEDL.NS,LONG,287.65,285.0,2026-06-23 10:00:00,2026-06-23 10:21:00,285.0,2026-06-23 10:22:00,282.7,-0.81,2026-06-23 10:22:00,282.7,-0.81,-0.81,2.49,-0.84,-20.89,LOSER
2026-06-23,PINELABS,PINELABS.NS,SHORT,151.94,150.17,2026-06-23 10:15:00,2026-06-23 10:43:00,151.94,2026-06-23 10:59:00,150.42,1.0,2026-06-23 11:10:00,148.9,2.0,1.5,2.65,1.35,33.82,WINNER
2026-06-23,IDEA,IDEA.NS,LONG,14.97,14.85,2026-06-23 11:15:00,2026-06-23 11:16:00,14.85,2026-06-23 11:35:00,14.81,-0.3,2026-06-23 11:35:00,14.81,-0.3,-0.3,2.73,-0.41,-10.21,LOSER
2026-06-23,PINELABS,PINELABS.NS,LONG,151.94,150.17,2026-06-23 13:30:00,2026-06-23 13:31:00,150.17,2026-06-23 13:35:00,149.72,-0.3,2026-06-23 13:35:00,149.72,-0.3,-0.3,2.63,-0.39,-9.84,LOSER
2026-06-24,IDEA,IDEA.NS,LONG,14.45,14.23,2026-06-24 10:00:00,2026-06-24 10:16:00,14.23,2026-06-24 10:18:00,14.18,-0.35,2026-06-24 10:18:00,14.18,-0.35,-0.35,2.71,-0.46,-11.46,LOSER
2026-06-24,NMDC,NMDC.NS,LONG,85.24,84.22,2026-06-24 10:15:00,2026-06-24 10:16:00,84.22,2026-06-24 10:45:00,85.06,1.0,2026-06-24 13:05:00,85.9,2.0,1.5,2.64,1.36,33.99,WINNER
2026-06-24,YESBANK,YESBANK.NS,LONG,24.98,24.83,2026-06-24 10:15:00,2026-06-24 10:25:00,24.83,2026-06-24 11:54:00,24.98,0.6,2026-06-24 15:15:00,24.93,0.4,0.5,2.73,0.39,9.77,WINNER
2026-06-24,WIPRO,WIPRO.NS,SHORT,174.23,173.13,2026-06-24 10:00:00,2026-06-24 10:40:00,174.23,2026-06-24 11:08:00,173.13,0.63,2026-06-24 13:08:00,174.4,-0.1,0.27,2.67,0.15,3.84,WINNER
2026-06-24,WIPRO,WIPRO.NS,LONG,174.23,173.13,2026-06-24 10:30:00,2026-06-24 11:08:00,173.13,2026-06-24 11:32:00,172.61,-0.3,2026-06-24 11:32:00,172.61,-0.3,-0.3,2.65,-0.4,-9.92,LOSER
2026-06-24,NMDC,NMDC.NS,SHORT,85.24,84.22,2026-06-24 11:00:00,2026-06-24 11:10:00,85.24,2026-06-24 11:45:00,85.5,-0.3,2026-06-24 11:45:00,85.5,-0.3,-0.3,2.68,-0.4,-10.09,LOSER
2026-06-24,GROWW,GROWW.NS,SHORT,200.0,196.63,2026-06-24 11:15:00,2026-06-24 11:22:00,200.0,2026-06-24 15:15:00,199.4,0.3,2026-06-24 15:15:00,199.4,0.3,0.3,2.63,0.18,4.57,WINNER
2026-06-24,YESBANK,YESBANK.NS,SHORT,24.98,24.83,2026-06-24 12:15:00,2026-06-24 12:57:00,24.98,2026-06-24 13:20:00,25.05,-0.3,2026-06-24 13:20:00,25.05,-0.3,-0.3,2.74,-0.41,-10.23,LOSER
2026-06-25,ASHOKLEY,ASHOKLEY.NS,LONG,160.0,158.81,2026-06-25 10:00:00,2026-06-25 10:04:00,158.81,2026-06-25 11:25:00,160.0,0.75,2026-06-25 12:10:00,161.99,2.0,1.37,2.52,1.21,30.22,WINNER
2026-06-25,YESBANK,YESBANK.NS,LONG,25.02,24.91,2026-06-25 10:15:00,2026-06-25 10:16:00,24.91,2026-06-25 11:04:00,25.02,0.44,2026-06-25 12:22:00,24.9,-0.04,0.2,2.73,0.09,2.27,WINNER
2026-06-25,HFCL,HFCL.NS,SHORT,215.0,213.27,2026-06-25 10:00:00,2026-06-25 10:19:00,215.0,2026-06-25 15:15:00,215.0,0.0,2026-06-25 15:15:00,215.0,0.0,0.0,2.5,-0.1,-2.5,LOSER
2026-06-25,YESBANK,YESBANK.NS,SHORT,25.02,24.91,2026-06-25 10:00:00,2026-06-25 11:04:00,25.02,2026-06-25 11:09:00,25.12,-0.4,2026-06-25 11:09:00,25.12,-0.4,-0.4,2.71,-0.5,-12.61,LOSER
2026-06-25,IDEA,IDEA.NS,LONG,14.3,14.23,2026-06-25 11:15:00,2026-06-25 11:17:00,14.23,2026-06-25 11:49:00,14.19,-0.3,2026-06-25 11:49:00,14.19,-0.3,-0.3,2.71,-0.41,-10.18,LOSER
2026-06-25,IRFC,IRFC.NS,SHORT,92.15,91.5,2026-06-25 10:30:00,2026-06-25 11:54:00,92.15,2026-06-25 15:15:00,91.78,0.4,2026-06-25 15:15:00,91.78,0.4,0.4,2.68,0.29,7.31,WINNER
2026-06-25,ASHOKLEY,ASHOKLEY.NS,SHORT,160.0,158.81,2026-06-25 11:45:00,2026-06-25 11:56:00,160.0,2026-06-25 12:01:00,160.55,-0.34,2026-06-25 12:01:00,160.55,-0.34,-0.34,2.57,-0.43,-10.82,LOSER
2026-06-29,GMRAIRPORT,GMRAIRPORT.NS,LONG,111.59,110.56,2026-06-29 10:30:00,2026-06-29 10:32:00,110.56,2026-06-29 11:00:00,109.92,-0.58,2026-06-29 11:00:00,109.92,-0.58,-0.58,2.66,-0.67,-16.74,LOSER
2026-06-29,YESBANK,YESBANK.NS,LONG,25.38,25.18,2026-06-29 10:30:00,2026-06-29 11:34:00,25.18,2026-06-29 12:32:00,25.07,-0.44,2026-06-29 12:32:00,25.07,-0.44,-0.44,2.71,-0.54,-13.6,LOSER
2026-06-29,KOTAKBANK,KOTAKBANK.NS,SHORT,400.0,396.25,2026-06-29 11:15:00,2026-06-29 11:59:00,400.0,2026-06-29 13:43:00,396.25,0.94,2026-06-29 15:15:00,395.15,1.21,1.08,2.62,0.93,23.18,WINNER
2026-06-29,KOTAKBANK,KOTAKBANK.NS,LONG,400.0,396.25,2026-06-29 14:15:00,2026-06-29 15:01:00,396.25,2026-06-29 15:15:00,395.06,-0.3,2026-06-29 15:15:00,395.06,-0.3,-0.3,2.6,-0.39,-9.73,LOSER
2026-06-30,SAMMAANCAP,SAMMAANCAP.NS,SHORT,172.24,169.87,2026-06-30 10:30:00,2026-06-30 10:31:00,172.24,2026-06-30 10:35:00,172.76,-0.3,2026-06-30 10:35:00,172.76,-0.3,-0.3,2.65,-0.4,-9.88,LOSER
2026-06-30,GROWW,GROWW.NS,LONG,206.74,205.27,2026-06-30 10:30:00,2026-06-30 10:31:00,205.27,2026-06-30 10:41:00,204.65,-0.3,2026-06-30 10:41:00,204.65,-0.3,-0.3,2.69,-0.4,-10.08,LOSER
2026-06-30,CANBK,CANBK.NS,LONG,126.12,125.6,2026-06-30 10:45:00,2026-06-30 10:49:00,125.6,2026-06-30 11:23:00,126.12,0.41,2026-06-30 11:41:00,125.56,-0.03,0.19,2.53,0.08,2.03,WINNER
2026-06-30,CANBK,CANBK.NS,SHORT,126.12,125.6,2026-06-30 10:30:00,2026-06-30 11:23:00,126.12,2026-06-30 11:41:00,125.6,0.41,2026-06-30 15:15:00,125.38,0.59,0.5,2.57,0.38,9.4,WINNER
2026-06-30,GROWW,GROWW.NS,SHORT,206.74,205.27,2026-06-30 12:00:00,2026-06-30 12:15:00,206.74,2026-06-30 13:14:00,205.27,0.71,2026-06-30 14:44:00,202.61,2.0,1.36,2.7,1.24,30.92,WINNER
2026-07-01,HFCL,HFCL.NS,LONG,216.61,212.84,2026-07-01 10:15:00,2026-07-01 10:16:00,212.84,2026-07-01 10:35:00,214.97,1.0,2026-07-01 13:11:00,212.84,0.0,0.5,2.43,0.37,9.28,WINNER
2026-07-01,CANBK,CANBK.NS,SHORT,126.79,125.7,2026-07-01 10:15:00,2026-07-01 10:16:00,126.79,2026-07-01 10:17:00,127.17,-0.3,2026-07-01 10:17:00,127.17,-0.3,-0.3,2.59,-0.39,-9.82,LOSER
2026-07-01,KOTAKBANK,KOTAKBANK.NS,SHORT,395.2,393.25,2026-07-01 10:00:00,2026-07-01 10:17:00,395.2,2026-07-01 11:48:00,396.39,-0.3,2026-07-01 11:48:00,396.39,-0.3,-0.3,2.6,-0.39,-9.71,LOSER
2026-07-02,IDEA,IDEA.NS,LONG,14.58,14.5,2026-07-02 10:00:00,2026-07-02 10:13:00,14.5,2026-07-02 12:38:00,14.45,-0.34,2026-07-02 12:38:00,14.45,-0.34,-0.34,2.73,-0.45,-11.33,LOSER
2026-07-02,WIPRO,WIPRO.NS,SHORT,173.37,171.68,2026-07-02 10:15:00,2026-07-02 10:21:00,173.37,2026-07-02 10:51:00,174.15,-0.45,2026-07-02 10:51:00,174.15,-0.45,-0.45,2.66,-0.54,-13.58,LOSER
2026-07-02,ZEEL,ZEEL.NS,SHORT,104.83,103.85,2026-07-02 10:30:00,2026-07-02 10:46:00,104.83,2026-07-02 13:12:00,106.69,-1.77,2026-07-02 13:12:00,106.69,-1.77,-1.77,2.61,-1.82,-45.39,LOSER
2026-07-02,YESBANK,YESBANK.NS,LONG,24.49,24.37,2026-07-02 10:30:00,2026-07-02 11:10:00,24.37,2026-07-02 11:36:00,24.29,-0.33,2026-07-02 11:36:00,24.29,-0.33,-0.33,2.72,-0.44,-10.88,LOSER
2026-07-02,CANBK,CANBK.NS,LONG,128.46,127.08,2026-07-02 12:30:00,2026-07-02 12:31:00,127.08,2026-07-02 14:11:00,126.59,-0.39,2026-07-02 14:11:00,126.59,-0.39,-0.39,2.55,-0.47,-11.86,LOSER
2026-07-03,GMRAIRPORT,GMRAIRPORT.NS,SHORT,111.42,110.82,2026-07-03 10:45:00,2026-07-03 10:49:00,111.42,2026-07-03 10:51:00,111.78,-0.32,2026-07-03 10:51:00,111.78,-0.32,-0.32,2.69,-0.42,-10.61,LOSER
2026-07-03,YESBANK,YESBANK.NS,SHORT,24.37,24.15,2026-07-03 11:00:00,2026-07-03 11:16:00,24.37,2026-07-03 11:17:00,24.48,-0.45,2026-07-03 11:17:00,24.48,-0.45,-0.45,2.73,-0.56,-13.95,LOSER
2026-07-03,IDEA,IDEA.NS,LONG,14.45,14.38,2026-07-03 10:00:00,2026-07-03 11:38:00,14.38,2026-07-03 12:03:00,14.45,0.49,2026-07-03 13:08:00,14.38,0.0,0.24,2.72,0.13,3.33,WINNER
2026-07-03,WIPRO,WIPRO.NS,LONG,178.06,176.62,2026-07-03 10:00:00,2026-07-03 11:55:00,176.62,2026-07-03 12:00:00,176.08,-0.31,2026-07-03 12:00:00,176.08,-0.31,-0.31,2.7,-0.41,-10.26,LOSER
2026-07-03,IDEA,IDEA.NS,SHORT,14.45,14.38,2026-07-03 11:15:00,2026-07-03 12:03:00,14.45,2026-07-03 13:08:00,14.38,0.48,2026-07-03 15:15:00,14.29,1.11,0.8,2.72,0.69,17.17,WINNER
2026-07-06,KOTAKBANK,KOTAKBANK.NS,LONG,386.05,381.35,2026-07-06 10:00:00,2026-07-06 10:38:00,381.35,2026-07-06 11:24:00,385.16,1.0,2026-07-06 13:48:00,381.35,0.0,0.5,2.51,0.36,8.93,WINNER
2026-07-07,CANBK,CANBK.NS,LONG,126.6,125.9,2026-07-07 10:00:00,2026-07-07 10:06:00,125.9,2026-07-07 10:28:00,125.52,-0.3,2026-07-07 10:28:00,125.52,-0.3,-0.3,2.53,-0.39,-9.71,LOSER
2026-07-07,YESBANK,YESBANK.NS,LONG,24.22,24.05,2026-07-07 10:00:00,2026-07-07 10:10:00,24.05,2026-07-07 12:33:00,23.97,-0.33,2026-07-07 12:33:00,23.97,-0.33,-0.33,2.69,-0.44,-10.93,LOSER
2026-07-07,HFCL,HFCL.NS,LONG,222.55,218.9,2026-07-07 10:00:00,2026-07-07 10:13:00,218.9,2026-07-07 10:23:00,218.1,-0.37,2026-07-07 10:23:00,218.1,-0.37,-0.37,2.49,-0.45,-11.29,LOSER
2026-07-07,HDFCBANK,HDFCBANK.NS,SHORT,836.15,832.0,2026-07-07 11:30:00,2026-07-07 11:31:00,836.15,2026-07-07 13:09:00,832.0,0.5,2026-07-07 15:15:00,829.05,0.85,0.67,1.83,0.38,9.42,WINNER
2026-07-07,IDEA,IDEA.NS,SHORT,13.95,13.89,2026-07-07 10:00:00,2026-07-07 11:35:00,13.95,2026-07-07 11:37:00,14.01,-0.43,2026-07-07 11:37:00,14.01,-0.43,-0.43,2.73,-0.54,-13.47,LOSER
2026-07-07,IDEA,IDEA.NS,LONG,13.95,13.89,2026-07-07 11:45:00,2026-07-07 12:38:00,13.89,2026-07-07 12:53:00,13.83,-0.43,2026-07-07 12:53:00,13.83,-0.43,-0.43,2.71,-0.54,-13.45,LOSER
2026-07-07,HDFCBANK,HDFCBANK.NS,LONG,836.15,832.0,2026-07-07 10:00:00,2026-07-07 13:09:00,832.0,2026-07-07 13:16:00,829.5,-0.3,2026-07-07 13:16:00,829.5,-0.3,-0.3,2.17,-0.39,-9.66,LOSER
2026-07-08,CANBK,CANBK.NS,SHORT,123.49,122.66,2026-07-08 10:00:00,2026-07-08 10:05:00,123.49,2026-07-08 10:37:00,123.96,-0.38,2026-07-08 10:37:00,123.96,-0.38,-0.38,2.71,-0.48,-12.11,LOSER
2026-07-08,ITC,ITC.NS,LONG,285.6,283.3,2026-07-08 11:15:00,2026-07-08 11:26:00,283.3,2026-07-08 14:10:00,282.4,-0.32,2026-07-08 14:10:00,282.4,-0.32,-0.32,2.48,-0.39,-9.68,LOSER
2026-07-08,VEDL,VEDL.NS,SHORT,276.1,273.1,2026-07-08 12:15:00,2026-07-08 12:19:00,276.1,2026-07-08 13:48:00,273.34,1.0,2026-07-08 15:15:00,271.3,1.74,1.37,2.59,1.26,31.43,WINNER
2026-07-08,IDEA,IDEA.NS,LONG,14.16,14.02,2026-07-08 10:15:00,2026-07-08 14:05:00,14.02,2026-07-08 14:26:00,13.97,-0.36,2026-07-08 14:26:00,13.97,-0.36,-0.36,2.73,-0.47,-11.63,LOSER
2026-07-09,IDEA,IDEA.NS,SHORT,14.14,13.98,2026-07-09 10:00:00,2026-07-09 10:07:00,14.14,2026-07-09 15:15:00,14.04,0.71,2026-07-09 15:15:00,14.04,0.71,0.71,2.72,0.6,14.88,WINNER
2026-07-09,MEESHO,MEESHO.NS,LONG,195.34,193.11,2026-07-09 11:00:00,2026-07-09 11:01:00,193.11,2026-07-09 14:23:00,192.19,-0.48,2026-07-09 14:23:00,192.19,-0.48,-0.48,2.53,-0.54,-13.57,LOSER
2026-07-09,SWIGGY,SWIGGY.NS,SHORT,277.77,274.03,2026-07-09 11:45:00,2026-07-09 12:06:00,277.77,2026-07-09 12:15:00,278.9,-0.41,2026-07-09 12:15:00,278.9,-0.41,-0.41,2.63,-0.51,-12.8,LOSER
2026-07-09,GROWW,GROWW.NS,SHORT,197.4,195.04,2026-07-09 13:00:00,2026-07-09 13:02:00,197.4,2026-07-09 14:42:00,197.99,-0.3,2026-07-09 14:42:00,197.99,-0.3,-0.3,2.6,-0.39,-9.7,LOSER
2026-07-10,EQUITASBNK,EQUITASBNK.NS,SHORT,80.99,79.87,2026-07-10 10:00:00,2026-07-10 10:19:00,80.99,2026-07-10 11:00:00,81.36,-0.46,2026-07-10 11:00:00,81.36,-0.46,-0.46,2.67,-0.55,-13.77,LOSER
2026-07-10,BHEL,BHEL.NS,SHORT,394.45,390.95,2026-07-10 10:00:00,2026-07-10 10:46:00,394.45,2026-07-10 11:34:00,390.95,0.89,2026-07-10 14:47:00,394.5,-0.01,0.44,2.59,0.31,7.76,WINNER
2026-07-10,SOUTHBANK,SOUTHBANK.NS,LONG,45.43,45.17,2026-07-10 10:00:00,2026-07-10 11:17:00,45.17,2026-07-10 11:29:00,45.02,-0.33,2026-07-10 11:29:00,45.02,-0.33,-0.33,2.69,-0.44,-10.94,LOSER
2026-07-10,BHEL,BHEL.NS,LONG,394.45,390.95,2026-07-10 12:15:00,2026-07-10 13:18:00,390.95,2026-07-10 14:47:00,394.45,0.9,2026-07-10 15:15:00,395.05,1.05,0.97,2.59,0.81,20.21,WINNER
2026-07-13,BHARTIARTL,BHARTIARTL.NS,LONG,1914.0,1903.8,2026-07-13 10:15:00,2026-07-13 10:19:00,1903.8,2026-07-13 10:43:00,1914.0,0.54,2026-07-13 10:55:00,1903.8,0.0,0.27,0.81,0.17,4.29,WINNER
2026-07-13,BHEL,BHEL.NS,SHORT,406.35,400.1,2026-07-13 10:15:00,2026-07-13 10:27:00,406.35,2026-07-13 10:34:00,407.9,-0.38,2026-07-13 10:34:00,407.9,-0.38,-0.38,2.68,-0.48,-11.98,LOSER
2026-07-13,BHARTIARTL,BHARTIARTL.NS,SHORT,1914.0,1903.8,2026-07-13 10:00:00,2026-07-13 10:43:00,1914.0,2026-07-13 10:55:00,1903.8,0.53,2026-07-13 15:15:00,1901.0,0.68,0.61,1.29,0.41,10.31,WINNER
2026-07-13,GROWW,GROWW.NS,LONG,206.78,204.6,2026-07-13 10:45:00,2026-07-13 10:46:00,204.6,2026-07-13 10:48:00,206.65,1.0,2026-07-13 12:20:00,208.69,2.0,1.5,2.71,1.36,34.11,WINNER
2026-07-13,GROWW,GROWW.NS,SHORT,206.78,204.6,2026-07-13 11:15:00,2026-07-13 11:46:00,206.78,2026-07-13 12:01:00,207.4,-0.3,2026-07-13 12:01:00,207.4,-0.3,-0.3,2.72,-0.41,-10.17,LOSER
2026-07-13,YESBANK,YESBANK.NS,LONG,23.78,23.64,2026-07-13 12:30:00,2026-07-13 12:31:00,23.64,2026-07-13 14:19:00,23.78,0.59,2026-07-13 15:15:00,23.77,0.55,0.57,2.71,0.46,11.46,WINNER
2026-07-13,YESBANK,YESBANK.NS,SHORT,23.78,23.64,2026-07-13 10:15:00,2026-07-13 14:19:00,23.78,2026-07-13 14:22:00,23.87,-0.38,2026-07-13 14:22:00,23.87,-0.38,-0.38,2.73,-0.49,-12.18,LOSER
2026-07-14,HDFCBANK,HDFCBANK.NS,SHORT,815.25,812.0,2026-07-14 10:30:00,2026-07-14 10:33:00,815.25,2026-07-14 11:43:00,812.0,0.4,2026-07-14 15:15:00,809.1,0.75,0.58,2.33,0.47,11.77,WINNER
2026-07-14,GROWW,GROWW.NS,LONG,209.95,207.1,2026-07-14 13:00:00,2026-07-14 13:05:00,207.1,2026-07-14 13:13:00,206.48,-0.3,2026-07-14 13:13:00,206.48,-0.3,-0.3,2.72,-0.41,-10.17,LOSER
2026-07-14,HDFCBANK,HDFCBANK.NS,LONG,815.25,812.0,2026-07-14 13:30:00,2026-07-14 13:31:00,812.0,2026-07-14 13:40:00,809.56,-0.3,2026-07-14 13:40:00,809.56,-0.3,-0.3,2.12,-0.38,-9.43,LOSER
2026-07-14,ZEEL,ZEEL.NS,SHORT,103.63,102.03,2026-07-14 13:15:00,2026-07-14 15:07:00,103.63,2026-07-14 15:15:00,102.9,0.7,2026-07-14 15:15:00,102.9,0.7,0.7,2.72,0.59,14.8,WINNER
2026-07-15,IDEA,IDEA.NS,LONG,14.04,13.96,2026-07-15 10:00:00,2026-07-15 10:01:00,13.96,2026-07-15 10:12:00,13.91,-0.36,2026-07-15 10:12:00,13.91,-0.36,-0.36,2.72,-0.47,-11.67,LOSER
2026-07-15,BANDHANBNK,BANDHANBNK.NS,SHORT,216.39,213.08,2026-07-15 10:00:00,2026-07-15 10:02:00,216.39,2026-07-15 10:03:00,217.04,-0.3,2026-07-15 10:03:00,217.04,-0.3,-0.3,2.52,-0.39,-9.66,LOSER
2026-07-15,HFCL,HFCL.NS,SHORT,223.41,220.33,2026-07-15 10:30:00,2026-07-15 10:57:00,223.41,2026-07-15 12:57:00,221.18,1.0,2026-07-15 14:08:00,223.41,0.0,0.5,2.59,0.39,9.69,WINNER
2026-07-15,GROWW,GROWW.NS,LONG,211.24,208.5,2026-07-15 10:15:00,2026-07-15 11:30:00,208.5,2026-07-15 11:31:00,204.65,-1.85,2026-07-15 11:31:00,204.65,-1.85,-1.85,2.35,-1.79,-44.7,LOSER
2026-07-15,GROWW,GROWW.NS,SHORT,211.24,208.5,2026-07-15 10:45:00,2026-07-15 11:39:00,211.24,2026-07-15 11:40:00,209.13,1.0,2026-07-15 11:43:00,211.55,-0.15,0.43,2.45,0.3,7.46,WINNER
2026-07-15,YESBANK,YESBANK.NS,SHORT,23.76,23.64,2026-07-15 11:00:00,2026-07-15 12:20:00,23.76,2026-07-15 12:54:00,23.64,0.51,2026-07-15 15:15:00,23.62,0.59,0.55,2.72,0.44,10.93,WINNER
2026-07-15,YESBANK,YESBANK.NS,LONG,23.76,23.64,2026-07-15 10:00:00,2026-07-15 12:54:00,23.64,2026-07-15 12:57:00,23.56,-0.34,2026-07-15 12:57:00,23.56,-0.34,-0.34,2.7,-0.44,-11.1,LOSER
2026-07-16,IDEA,IDEA.NS,SHORT,13.93,13.77,2026-07-16 10:15:00,2026-07-16 10:17:00,13.93,2026-07-16 12:27:00,13.98,-0.36,2026-07-16 12:27:00,13.98,-0.36,-0.36,2.73,-0.47,-11.68,LOSER
2026-07-16,NMDC,NMDC.NS,SHORT,84.98,84.33,2026-07-16 10:15:00,2026-07-16 10:28:00,84.98,2026-07-16 12:22:00,84.33,0.76,2026-07-16 15:15:00,84.12,1.01,0.89,2.66,0.77,19.24,WINNER
2026-07-16,BPCL,BPCL.NS,LONG,318.2,312.6,2026-07-16 13:00:00,2026-07-16 13:01:00,312.6,2026-07-16 13:40:00,311.66,-0.3,2026-07-16 13:40:00,311.66,-0.3,-0.3,2.18,-0.35,-8.75,LOSER
2026-07-16,GROWW,GROWW.NS,LONG,213.84,210.46,2026-07-16 10:15:00,2026-07-16 13:38:00,210.46,2026-07-16 13:45:00,209.63,-0.39,2026-07-16 13:45:00,209.63,-0.39,-0.39,2.39,-0.46,-11.52,LOSER
2026-07-17,BHEL,BHEL.NS,LONG,446.5,441.4,2026-07-17 10:15:00,2026-07-17 10:16:00,441.4,2026-07-17 10:21:00,439.65,-0.4,2026-07-17 10:21:00,439.65,-0.4,-0.4,2.12,-0.43,-10.87,LOSER
2026-07-17,HFCL,HFCL.NS,LONG,216.47,213.82,2026-07-17 10:15:00,2026-07-17 10:32:00,213.82,2026-07-17 10:39:00,213.18,-0.3,2026-07-17 10:39:00,213.18,-0.3,-0.3,2.43,-0.38,-9.48,LOSER
2026-07-17,IDEA,IDEA.NS,SHORT,13.91,13.79,2026-07-17 10:30:00,2026-07-17 10:36:00,13.91,2026-07-17 10:39:00,13.95,-0.3,2026-07-17 10:39:00,13.95,-0.3,-0.3,2.73,-0.41,-10.2,LOSER
2026-07-17,IDEA,IDEA.NS,LONG,13.91,13.79,2026-07-17 13:00:00,2026-07-17 13:06:00,13.79,2026-07-17 13:48:00,13.75,-0.3,2026-07-17 13:48:00,13.75,-0.3,-0.3,2.72,-0.41,-10.21,LOSER
2026-07-17,RELIANCE,RELIANCE.NS,SHORT,1318.5,1307.1,2026-07-17 14:00:00,2026-07-17 14:04:00,1318.5,2026-07-17 14:16:00,1322.46,-0.3,2026-07-17 14:16:00,1322.46,-0.3,-0.3,0.89,-0.19,-4.84,LOSER
2026-07-17,WIPRO,WIPRO.NS,SHORT,176.16,173.84,2026-07-17 14:30:00,2026-07-17 15:02:00,176.16,2026-07-17 15:15:00,175.95,0.12,2026-07-17 15:15:00,175.95,0.12,0.12,2.7,0.01,0.24,WINNER
